producto_id,fecha,cantidad_real
1,2022-01-02,0.10823529411764705
1,2022-01-09,0.09647058823529411
1,2022-01-16,0.09500000000000001
1,2022-01-23,0.10888888888888888
1,2022-01-30,0.09789473684210526
1,2022-01-31,0.10388888888888889
1,2022-02-06,0.13625
1,2022-02-13,0.162
1,2022-02-20,0.12875
1,2022-02-27,0.128125
1,2022-02-28,0.10263157894736842
1,2022-03-06,0.16266666666666665
1,2022-03-13,0.15750000000000003
1,2022-03-20,0.1452941176470588
1,2022-03-27,0.14722222222222223
1,2022-03-31,0.13611111111111113
1,2022-04-03,0.17952380952380956
1,2022-04-10,0.21111111111111114
1,2022-04-17,0.23687499999999997
1,2022-04-24,0.21052631578947367
1,2022-04-30,0.182
1,2022-05-01,0.15705882352941175
1,2022-05-08,0.1475
1,2022-05-15,0.16642857142857143
1,2022-05-22,0.151875
1,2022-05-29,0.14157894736842105
1,2022-05-31,0.15352941176470591
1,2022-06-05,0.13
1,2022-06-12,0.10733333333333334
1,2022-06-19,0.12000000000000001
1,2022-06-26,0.08555555555555555
1,2022-06-30,0.12066666666666667
1,2022-07-03,0.14800000000000002
1,2022-07-10,0.12705882352941178
1,2022-07-17,0.14058823529411765
1,2022-07-24,0.164375
1,2022-07-31,0.11611111111111111
1,2022-08-07,0.1405263157894737
1,2022-08-14,0.14058823529411765
1,2022-08-21,0.16578947368421051
1,2022-08-28,0.126
1,2022-08-31,0.1588888888888889
1,2022-09-04,0.1165
1,2022-09-11,0.11894736842105262
1,2022-09-18,0.12227272727272727
1,2022-09-25,0.12047619047619047
1,2022-09-30,0.11333333333333333
1,2022-10-02,0.1135
1,2022-10-09,0.11789473684210527
1,2022-10-16,0.12181818181818183
1,2022-10-23,0.13526315789473686
1,2022-10-30,0.09818181818181819
1,2022-10-31,0.10947368421052632
1,2022-11-06,0.10913043478260868
1,2022-11-13,0.1131578947368421
1,2022-11-20,0.1411764705882353
1,2022-11-27,0.1
1,2022-11-30,0.13157894736842105
1,2022-12-04,0.15363636363636365
1,2022-12-11,0.12958333333333333
1,2022-12-18,0.1491304347826087
1,2022-12-25,0.14904761904761904
1,2022-12-31,0.15
3,2022-01-02,9.0
3,2022-01-09,9.0
3,2022-01-16,4.0
3,2022-01-23,4.0
3,2022-01-30,6.0
3,2022-01-31,8.0
3,2022-02-06,7.0
3,2022-02-13,6.0
3,2022-02-20,6.0
3,2022-02-27,10.0
3,2022-02-28,8.0
3,2022-03-06,8.0
3,2022-03-13,9.0
3,2022-03-20,8.0
3,2022-03-27,11.0
3,2022-03-31,6.0
3,2022-04-03,15.0
3,2022-04-10,14.0
3,2022-04-17,15.0
3,2022-04-24,9.0
3,2022-04-30,13.0
3,2022-05-01,11.0
3,2022-05-08,9.0
3,2022-05-15,12.0
3,2022-05-22,8.0
3,2022-05-29,8.0
3,2022-05-31,9.0
3,2022-06-05,5.0
3,2022-06-12,5.0
3,2022-06-19,7.0
3,2022-06-26,6.0
3,2022-06-30,5.0
3,2022-07-03,6.0
3,2022-07-10,7.0
3,2022-07-17,10.0
3,2022-07-24,9.0
3,2022-07-31,6.25
3,2022-08-07,8.0
3,2022-08-14,7.0
3,2022-08-21,7.0
3,2022-08-28,4.0
3,2022-08-31,11.0
3,2022-09-04,13.0
3,2022-09-11,5.0
3,2022-09-18,4.5
3,2022-09-25,8.0
3,2022-09-30,5.5
3,2022-10-02,5.0
3,2022-10-09,13.0
3,2022-10-16,16.0
3,2022-10-23,6.0
3,2022-10-30,4.5
3,2022-10-31,5.0
3,2022-11-06,6.0
3,2022-11-13,7.0
3,2022-11-20,8.0
3,2022-11-27,4.5
3,2022-11-30,11.0
3,2022-12-04,5.5
3,2022-12-11,5.5
3,2022-12-18,6.0
3,2022-12-25,3.0
3,2022-12-31,4.666666666666667
4,2022-01-02,9.0
4,2022-01-09,10.0
4,2022-01-16,12.0
4,2022-01-23,12.0
4,2022-01-30,8.0
4,2022-01-31,10.0
4,2022-02-06,6.0
4,2022-02-13,14.0
4,2022-02-20,10.0
4,2022-02-27,11.0
4,2022-02-28,15.0
4,2022-03-06,19.0
4,2022-03-13,26.0
4,2022-03-20,24.0
4,2022-03-27,26.0
4,2022-03-31,19.0
4,2022-04-03,30.0
4,2022-04-10,22.0
4,2022-04-17,21.0
4,2022-04-24,17.0
4,2022-04-30,28.0
4,2022-05-01,10.0
4,2022-05-08,22.0
4,2022-05-15,21.0
4,2022-05-22,18.0
4,2022-05-29,14.0
4,2022-05-31,25.0
4,2022-06-05,21.0
4,2022-06-12,15.0
4,2022-06-19,13.0
4,2022-06-26,8.0
4,2022-06-30,14.0
4,2022-07-03,22.0
4,2022-07-10,20.0
4,2022-07-17,9.0
4,2022-07-24,22.0
4,2022-07-31,26.0
4,2022-08-07,17.0
4,2022-08-14,22.0
4,2022-08-21,25.0
4,2022-08-28,18.0
4,2022-08-31,23.0
4,2022-09-04,33.0
4,2022-09-11,18.0
4,2022-09-18,20.0
4,2022-09-25,19.0
4,2022-09-30,20.0
4,2022-10-02,19.0
4,2022-10-09,21.0
4,2022-10-16,19.0
4,2022-10-23,21.0
4,2022-10-30,17.0
4,2022-10-31,19.0
4,2022-11-06,14.0
4,2022-11-13,12.0
4,2022-11-20,16.0
4,2022-11-27,22.0
4,2022-11-30,18.0
4,2022-12-04,14.0
4,2022-12-11,27.0
4,2022-12-18,22.0
4,2022-12-25,20.0
4,2022-12-31,30.0
7,2022-01-02,88.5
7,2022-01-09,89.54545454545455
7,2022-01-16,89.16666666666667
7,2022-01-23,82.27272727272727
7,2022-01-30,83.18181818181819
7,2022-01-31,98.5
7,2022-02-06,99.54545454545455
7,2022-02-13,111.5
7,2022-02-20,86.0
7,2022-02-27,100.0
7,2022-02-28,89.0909090909091
7,2022-03-06,104.16666666666667
7,2022-03-13,99.0909090909091
7,2022-03-20,97.72727272727273
7,2022-03-27,107.27272727272727
7,2022-03-31,110.45454545454545
7,2022-04-03,122.5
7,2022-04-10,116.0
7,2022-04-17,112.72727272727273
7,2022-04-24,97.08333333333333
7,2022-04-30,116.36363636363636
7,2022-05-01,146.5
7,2022-05-08,119.0909090909091
7,2022-05-15,110.9090909090909
7,2022-05-22,110.9090909090909
7,2022-05-29,137.5
7,2022-05-31,123.5
7,2022-06-05,106.5
7,2022-06-12,95.5
7,2022-06-19,101.5
7,2022-06-26,90.0
7,2022-06-30,92.27272727272727
7,2022-07-03,118.33333333333333
7,2022-07-10,100.0
7,2022-07-17,113.18181818181819
7,2022-07-24,124.0
7,2022-07-31,104.5
7,2022-08-07,119.54545454545455
7,2022-08-14,116.36363636363636
7,2022-08-21,124.5
7,2022-08-28,135.0
7,2022-08-31,109.0909090909091
7,2022-09-04,83.63636363636364
7,2022-09-11,111.5
7,2022-09-18,108.0
7,2022-09-25,115.0
7,2022-09-30,91.81818181818181
7,2022-10-02,104.0
7,2022-10-09,125.0
7,2022-10-16,114.5
7,2022-10-23,126.66666666666667
7,2022-10-30,101.36363636363636
7,2022-10-31,104.0909090909091
7,2022-11-06,104.54545454545455
7,2022-11-13,104.0
7,2022-11-20,111.36363636363636
7,2022-11-27,122.0
7,2022-11-30,105.83333333333333
7,2022-12-04,114.0909090909091
7,2022-12-11,120.9090909090909
7,2022-12-18,135.0
7,2022-12-25,154.0
7,2022-12-31,128.63636363636363
8,2022-01-02,2800.0
8,2022-01-09,1200.0
8,2022-01-16,2200.0
8,2022-01-23,2000.0
8,2022-01-30,3800.0
8,2022-01-31,2200.0
8,2022-02-06,2200.0
8,2022-02-13,2400.0
8,2022-02-20,1800.0
8,2022-02-27,2000.0
8,2022-02-28,3800.0
8,2022-03-06,1150.0
8,2022-03-13,975.0
8,2022-03-20,2000.0
8,2022-03-27,1200.0
8,2022-03-31,1600.0
8,2022-04-03,3600.0
8,2022-04-10,3600.0
8,2022-04-17,3600.0
8,2022-04-24,1550.0
8,2022-04-30,3200.0
8,2022-05-01,3000.0
8,2022-05-08,3600.0
8,2022-05-15,3600.0
8,2022-05-22,4200.0
8,2022-05-29,4000.0
8,2022-05-31,3200.0
8,2022-06-05,2600.0
8,2022-06-12,2200.0
8,2022-06-19,3000.0
8,2022-06-26,2600.0
8,2022-06-30,2600.0
8,2022-07-03,3800.0
8,2022-07-10,2000.0
8,2022-07-17,4600.0
8,2022-07-24,3800.0
8,2022-07-31,2800.0
8,2022-08-07,1800.0
8,2022-08-14,3000.0
8,2022-08-21,3800.0
8,2022-08-28,3200.0
8,2022-08-31,5800.0
8,2022-09-04,2200.0
8,2022-09-11,3200.0
8,2022-09-18,3400.0
8,2022-09-25,2600.0
8,2022-09-30,2800.0
8,2022-10-02,4200.0
8,2022-10-09,2800.0
8,2022-10-16,3400.0
8,2022-10-23,5000.0
8,2022-10-30,2800.0
8,2022-10-31,2000.0
8,2022-11-06,2275.0
8,2022-11-13,3800.0
8,2022-11-20,2175.0
8,2022-11-27,1275.0
8,2022-11-30,1675.0
8,2022-12-04,4600.0
8,2022-12-11,1875.0
8,2022-12-18,4200.0
8,2022-12-25,4000.0
8,2022-12-31,3400.0
9,2022-01-02,90.0
9,2022-01-09,30.0
9,2022-01-16,30.0
9,2022-01-30,30.0
9,2022-02-06,30.0
9,2022-02-27,30.0
9,2022-02-28,60.0
9,2022-03-06,90.0
9,2022-03-13,30.0
9,2022-03-20,90.0
9,2022-03-27,90.0
9,2022-03-31,60.0
9,2022-04-17,30.0
9,2022-04-24,90.0
9,2022-05-08,30.0
9,2022-05-15,60.0
9,2022-05-22,30.0
9,2022-06-26,30.0
9,2022-06-30,30.0
9,2022-07-10,60.0
9,2022-07-17,30.0
9,2022-07-24,30.0
9,2022-07-31,30.0
9,2022-08-07,30.0
9,2022-08-14,30.0
9,2022-08-31,60.0
9,2022-09-04,30.0
9,2022-09-30,60.0
9,2022-10-30,30.0
9,2022-10-31,30.0
9,2022-11-06,30.0
9,2022-11-20,60.0
9,2022-11-30,30.0
9,2022-12-04,60.0
9,2022-12-11,30.0
9,2022-12-18,30.0
9,2022-12-31,30.0
10,2022-01-02,937.5
10,2022-01-09,950.0
10,2022-01-16,650.0
10,2022-01-23,583.3333333333334
10,2022-01-30,441.6666666666667
10,2022-01-31,650.0
10,2022-02-06,714.2857142857143
10,2022-02-13,700.0
10,2022-02-20,766.6666666666666
10,2022-02-27,680.0
10,2022-02-28,683.3333333333334
10,2022-03-06,858.3333333333334
10,2022-03-13,625.0
10,2022-03-20,730.0
10,2022-03-27,775.0
10,2022-03-31,920.0
10,2022-04-03,714.2857142857143
10,2022-04-10,1050.0
10,2022-04-17,1662.5
10,2022-04-24,1064.2857142857142
10,2022-04-30,891.6666666666666
10,2022-05-01,1225.0
10,2022-05-08,1216.6666666666667
10,2022-05-15,650.0
10,2022-05-22,1225.0
10,2022-05-29,1075.0
10,2022-05-31,1320.0
10,2022-06-05,866.6666666666666
10,2022-06-12,900.0
10,2022-06-19,970.0
10,2022-06-26,980.0
10,2022-06-30,1033.3333333333333
10,2022-07-03,670.0
10,2022-07-10,700.0
10,2022-07-17,733.3333333333334
10,2022-07-24,1225.0
10,2022-07-31,825.0
10,2022-08-07,600.0
10,2022-08-14,535.7142857142857
10,2022-08-21,883.3333333333334
10,2022-08-28,790.0
10,2022-08-31,630.0
10,2022-09-04,1000.0
10,2022-09-11,870.0
10,2022-09-18,583.3333333333334
10,2022-09-25,870.0
10,2022-09-30,575.0
10,2022-10-02,716.6666666666666
10,2022-10-09,641.6666666666666
10,2022-10-16,1030.0
10,2022-10-23,750.0
10,2022-10-30,442.85714285714283
10,2022-10-31,683.3333333333334
10,2022-11-06,900.0
10,2022-11-13,583.3333333333334
10,2022-11-20,2000.0
10,2022-11-27,1110.0
10,2022-11-30,1060.0
10,2022-12-04,1080.0
10,2022-12-11,780.0
10,2022-12-18,941.6666666666666
10,2022-12-25,1100.0
10,2022-12-31,1258.3333333333333
11,2022-03-06,5600.0
11,2022-03-13,6500.0
11,2022-03-20,5800.0
11,2022-03-27,5700.0
11,2022-03-31,5200.0
11,2022-04-03,13600.0
11,2022-04-10,13200.0
11,2022-04-17,13900.0
11,2022-04-24,14500.0
11,2022-04-30,12200.0
12,2022-01-02,744.0
12,2022-01-09,822.5
12,2022-01-16,528.3333333333334
12,2022-01-23,867.5
12,2022-01-30,709.0
12,2022-01-31,671.25
12,2022-02-06,833.0
12,2022-02-13,838.0
12,2022-02-20,825.0
12,2022-02-27,947.5
12,2022-02-28,848.0
12,2022-03-06,867.5
12,2022-03-13,545.0
12,2022-03-20,931.6666666666666
12,2022-03-27,810.0
12,2022-03-31,896.6666666666666
12,2022-04-03,1090.8333333333333
12,2022-04-10,1217.5
12,2022-04-17,685.7142857142857
12,2022-04-24,1019.2857142857143
12,2022-04-30,925.8333333333334
12,2022-05-01,1138.0
12,2022-05-08,784.1666666666666
12,2022-05-15,924.0
12,2022-05-22,1024.1666666666667
12,2022-05-29,853.3333333333334
12,2022-05-31,1058.0
12,2022-06-05,809.1666666666666
12,2022-06-12,829.0
12,2022-06-19,841.0
12,2022-06-26,790.0
12,2022-06-30,754.0
12,2022-07-03,886.0
12,2022-07-10,1019.0
12,2022-07-17,1060.0
12,2022-07-24,1193.0
12,2022-07-31,634.1666666666666
12,2022-08-07,1135.0
12,2022-08-14,1000.0
12,2022-08-21,1101.0
12,2022-08-28,987.0
12,2022-08-31,1267.0
12,2022-09-04,869.0
12,2022-09-11,823.3333333333334
12,2022-09-18,890.0
12,2022-09-25,904.0
12,2022-09-30,881.6666666666666
12,2022-10-02,772.1428571428571
12,2022-10-09,1087.0
12,2022-10-16,1080.0
12,2022-10-23,795.7142857142857
12,2022-10-30,889.2857142857143
12,2022-10-31,790.0
12,2022-11-06,742.8571428571429
12,2022-11-13,577.8571428571429
12,2022-11-20,643.5714285714286
12,2022-11-27,626.4285714285714
12,2022-11-30,772.5
12,2022-12-04,981.6666666666666
12,2022-12-11,773.3333333333334
12,2022-12-18,1017.5
12,2022-12-25,793.5714285714286
12,2022-12-31,985.8333333333334
13,2022-01-02,8700.0
13,2022-01-09,9633.333333333334
13,2022-01-16,12266.666666666666
13,2022-01-23,10633.333333333334
13,2022-01-30,8833.333333333334
13,2022-01-31,9300.0
13,2022-02-06,10100.0
13,2022-02-13,11466.666666666666
13,2022-02-20,7933.333333333333
13,2022-02-27,21450.0
13,2022-02-28,13633.333333333334
13,2022-03-06,15233.333333333334
13,2022-03-13,11700.0
13,2022-03-20,18000.0
13,2022-03-27,11800.0
13,2022-03-31,13200.0
13,2022-04-03,12033.333333333334
13,2022-04-10,8733.333333333334
13,2022-04-17,14633.333333333334
13,2022-04-24,13700.0
13,2022-04-30,16800.0
13,2022-05-01,16700.0
13,2022-05-08,15466.666666666666
13,2022-05-15,20350.0
13,2022-05-22,10566.666666666666
13,2022-05-29,16300.0
13,2022-05-31,11600.0
13,2022-06-05,11200.0
13,2022-06-12,10666.666666666666
13,2022-06-19,17450.0
13,2022-06-26,8466.666666666666
13,2022-06-30,17700.0
13,2022-07-03,12700.0
13,2022-07-10,11433.333333333334
13,2022-07-17,18466.666666666668
13,2022-07-24,12833.333333333334
13,2022-07-31,11066.666666666666
13,2022-08-07,13000.0
13,2022-08-14,14366.666666666666
13,2022-08-21,13966.666666666666
13,2022-08-28,21950.0
13,2022-08-31,13266.666666666666
13,2022-09-04,10266.666666666666
13,2022-09-11,12200.0
13,2022-09-18,10566.666666666666
13,2022-09-25,10600.0
13,2022-09-30,9933.333333333334
13,2022-10-02,7866.666666666667
13,2022-10-09,14166.666666666666
13,2022-10-16,10966.666666666666
13,2022-10-23,10766.666666666666
13,2022-10-30,12933.333333333334
13,2022-10-31,11633.333333333334
13,2022-11-06,12266.666666666666
13,2022-11-13,12866.666666666666
13,2022-11-20,12166.666666666666
13,2022-11-27,13433.333333333334
13,2022-11-30,15000.0
13,2022-12-04,10766.666666666666
13,2022-12-11,13733.333333333334
13,2022-12-18,12933.333333333334
13,2022-12-25,14566.666666666666
13,2022-12-31,15900.0
14,2022-01-02,42.5
14,2022-01-09,35.0
14,2022-01-16,15.0
14,2022-01-23,42.5
14,2022-01-30,25.0
14,2022-01-31,90.0
14,2022-02-06,47.5
14,2022-02-13,20.0
14,2022-02-20,55.0
14,2022-02-27,40.0
14,2022-02-28,60.0
14,2022-03-06,37.5
14,2022-03-13,47.5
14,2022-03-20,32.5
14,2022-03-27,27.5
14,2022-03-31,37.5
14,2022-04-03,47.5
14,2022-04-10,42.5
14,2022-04-17,42.5
14,2022-04-24,17.5
14,2022-04-30,42.5
14,2022-05-01,62.5
14,2022-05-08,52.5
14,2022-05-15,30.0
14,2022-05-22,17.5
14,2022-05-29,57.5
14,2022-05-31,40.0
14,2022-06-05,47.5
14,2022-06-12,45.0
14,2022-06-19,25.0
14,2022-06-26,12.5
14,2022-06-30,50.0
14,2022-07-03,32.5
14,2022-07-10,25.0
14,2022-07-17,20.0
14,2022-07-24,42.5
14,2022-07-31,12.5
14,2022-08-07,52.5
14,2022-08-14,32.5
14,2022-08-21,30.0
14,2022-08-28,27.5
14,2022-08-31,27.5
14,2022-09-04,20.0
14,2022-09-11,35.0
14,2022-09-18,15.0
14,2022-09-25,30.0
14,2022-09-30,35.0
14,2022-10-02,12.5
14,2022-10-09,10.0
14,2022-10-16,15.0
14,2022-10-23,17.5
14,2022-10-30,20.0
14,2022-10-31,15.0
14,2022-11-06,15.0
14,2022-11-13,12.5
14,2022-11-20,20.0
14,2022-11-27,22.5
14,2022-11-30,17.5
14,2022-12-04,10.0
14,2022-12-11,40.0
14,2022-12-18,12.5
14,2022-12-25,10.0
14,2022-12-31,15.0
15,2022-01-02,2000.0
15,2022-01-09,2500.0
15,2022-01-16,2500.0
15,2022-01-23,1750.0
15,2022-01-30,1000.0
15,2022-01-31,1500.0
15,2022-02-06,2000.0
15,2022-02-13,1750.0
15,2022-02-20,3000.0
15,2022-02-27,1000.0
15,2022-02-28,1750.0
15,2022-03-06,2500.0
15,2022-03-13,1533.3333333333333
15,2022-03-20,2000.0
15,2022-03-27,2000.0
15,2022-03-31,2000.0
15,2022-04-03,3250.0
15,2022-04-10,4500.0
15,2022-04-17,4250.0
15,2022-04-24,4000.0
15,2022-04-30,3500.0
15,2022-05-01,3000.0
15,2022-05-08,4250.0
15,2022-05-15,2500.0
15,2022-05-22,3750.0
15,2022-05-29,3000.0
15,2022-05-31,3750.0
15,2022-06-05,3500.0
15,2022-06-12,2250.0
15,2022-06-19,2000.0
15,2022-06-26,3000.0
15,2022-06-30,3750.0
15,2022-07-03,2500.0
15,2022-07-10,2250.0
15,2022-07-17,2500.0
15,2022-07-24,5500.0
15,2022-07-31,2250.0
15,2022-08-07,1500.0
15,2022-08-14,2000.0
15,2022-08-21,2500.0
15,2022-08-28,2750.0
15,2022-08-31,2000.0
15,2022-09-04,1500.0
15,2022-09-11,1500.0
15,2022-09-18,1250.0
15,2022-09-25,2000.0
15,2022-09-30,1250.0
15,2022-10-02,1500.0
15,2022-10-09,2000.0
15,2022-10-16,2750.0
15,2022-10-23,1500.0
15,2022-10-30,500.0
15,2022-10-31,1750.0
15,2022-11-06,1700.0
15,2022-11-13,1250.0
15,2022-11-20,2200.0
15,2022-11-27,2366.6666666666665
15,2022-11-30,1675.0
15,2022-12-04,3000.0
15,2022-12-11,1533.3333333333333
15,2022-12-18,2250.0
15,2022-12-25,4750.0
15,2022-12-31,3500.0
16,2022-03-06,10.0
16,2022-03-13,10.0
16,2022-03-20,5.0
16,2022-03-27,15.0
16,2022-03-31,10.0
16,2022-04-03,5.0
16,2022-04-10,20.0
16,2022-04-17,10.0
16,2022-04-24,10.0
16,2022-04-30,30.0
16,2022-10-02,140.0
16,2022-10-09,95.0
16,2022-10-16,110.0
16,2022-10-23,130.0
16,2022-10-30,135.0
16,2022-10-31,105.0
16,2022-11-06,25.0
16,2022-11-13,20.0
16,2022-11-20,20.0
16,2022-11-27,15.0
16,2022-11-30,15.0
16,2022-12-25,5.0
17,2022-01-02,508.3333333333333
17,2022-01-09,410.0
17,2022-01-16,301.6666666666667
17,2022-01-23,441.6666666666667
17,2022-01-30,460.0
17,2022-01-31,590.0
17,2022-02-06,591.6666666666666
17,2022-02-13,535.0
17,2022-02-20,561.6666666666666
17,2022-02-27,640.0
17,2022-02-28,665.0
17,2022-03-06,423.3333333333333
17,2022-03-13,580.0
17,2022-03-20,471.6666666666667
17,2022-03-27,421.6666666666667
17,2022-03-31,425.0
17,2022-04-03,675.0
17,2022-04-10,646.6666666666666
17,2022-04-17,601.6666666666666
17,2022-04-24,455.0
17,2022-04-30,556.6666666666666
17,2022-05-01,785.0
17,2022-05-08,750.0
17,2022-05-15,723.3333333333334
17,2022-05-22,386.6666666666667
17,2022-05-29,646.6666666666666
17,2022-05-31,508.3333333333333
17,2022-06-05,546.6666666666666
17,2022-06-12,488.3333333333333
17,2022-06-19,545.0
17,2022-06-26,186.66666666666666
17,2022-06-30,536.6666666666666
17,2022-07-03,563.3333333333334
17,2022-07-10,338.3333333333333
17,2022-07-17,331.6666666666667
17,2022-07-24,660.0
17,2022-07-31,280.0
17,2022-08-07,676.6666666666666
17,2022-08-14,530.0
17,2022-08-21,625.0
17,2022-08-28,490.0
17,2022-08-31,503.3333333333333
17,2022-09-04,510.0
17,2022-09-11,468.3333333333333
17,2022-09-18,345.0
17,2022-09-25,348.3333333333333
17,2022-09-30,602.5
17,2022-10-02,395.0
17,2022-10-09,360.0
17,2022-10-16,410.0
17,2022-10-23,462.5
17,2022-10-30,353.3333333333333
17,2022-10-31,305.0
17,2022-11-06,365.0
17,2022-11-13,312.5
17,2022-11-20,452.5
17,2022-11-27,336.6666666666667
17,2022-11-30,372.5
17,2022-12-04,462.5
17,2022-12-11,517.5
17,2022-12-18,435.0
17,2022-12-25,416.6666666666667
17,2022-12-31,365.0
18,2022-01-02,800.0
18,2022-01-09,700.0
18,2022-01-16,662.5
18,2022-01-23,800.0
18,2022-01-30,562.5
18,2022-01-31,700.0
18,2022-02-06,750.0
18,2022-02-13,1016.6666666666666
18,2022-02-20,933.3333333333334
18,2022-02-27,662.5
18,2022-02-28,775.0
18,2022-03-06,925.0
18,2022-03-13,637.5
18,2022-03-20,925.0
18,2022-03-27,825.0
18,2022-03-31,712.5
18,2022-04-03,966.6666666666666
18,2022-04-10,1625.0
18,2022-04-17,1037.5
18,2022-04-24,862.5
18,2022-04-30,1033.3333333333333
18,2022-05-01,1350.0
18,2022-05-08,787.5
18,2022-05-15,1000.0
18,2022-05-22,775.0
18,2022-05-29,1100.0
18,2022-05-31,1183.3333333333333
18,2022-06-05,933.3333333333334
18,2022-06-12,1183.3333333333333
18,2022-06-19,850.0
18,2022-06-26,700.0
18,2022-06-30,900.0
18,2022-07-03,1050.0
18,2022-07-10,1087.5
18,2022-07-17,887.5
18,2022-07-24,900.0
18,2022-07-31,862.5
18,2022-08-07,987.5
18,2022-08-14,1050.0
18,2022-08-21,1000.0
18,2022-08-28,983.3333333333334
18,2022-08-31,875.0
18,2022-09-04,875.0
18,2022-09-11,1600.0
18,2022-09-18,1283.3333333333333
18,2022-09-25,1066.6666666666667
18,2022-09-30,1075.0
18,2022-10-02,1150.0
18,2022-10-09,1183.3333333333333
18,2022-10-16,1200.0
18,2022-10-23,1166.6666666666667
18,2022-10-30,762.5
18,2022-10-31,750.0
18,2022-11-06,712.5
18,2022-11-13,900.0
18,2022-11-20,1100.0
18,2022-11-27,983.3333333333334
18,2022-11-30,1000.0
18,2022-12-04,1400.0
18,2022-12-11,1362.5
18,2022-12-18,1212.5
18,2022-12-25,1716.6666666666667
18,2022-12-31,1112.5
19,2022-01-02,629.1666666666666
19,2022-01-09,622.7777777777778
19,2022-01-16,652.3684210526316
19,2022-01-23,553.9473684210526
19,2022-01-30,648.75
19,2022-01-31,565.4761904761905
19,2022-02-06,578.3333333333334
19,2022-02-13,781.1111111111111
19,2022-02-20,626.1111111111111
19,2022-02-27,756.1111111111111
19,2022-02-28,668.421052631579
19,2022-03-06,883.25
19,2022-03-13,747.7272727272727
19,2022-03-20,839.7368421052631
19,2022-03-27,713.3333333333334
19,2022-03-31,842.6315789473684
19,2022-04-03,1079.0
19,2022-04-10,1015.0
19,2022-04-17,1293.0555555555557
19,2022-04-24,1042.5
19,2022-04-30,1164.1666666666667
19,2022-05-01,868.6842105263158
19,2022-05-08,831.3157894736842
19,2022-05-15,791.0526315789474
19,2022-05-22,775.8333333333334
19,2022-05-29,881.0526315789474
19,2022-05-31,832.0588235294117
19,2022-06-05,722.6315789473684
19,2022-06-12,662.9411764705883
19,2022-06-19,753.8235294117648
19,2022-06-26,634.7368421052631
19,2022-06-30,670.8333333333334
19,2022-07-03,729.2105263157895
19,2022-07-10,756.1111111111111
19,2022-07-17,853.9473684210526
19,2022-07-24,811.0526315789474
19,2022-07-31,700.8333333333334
19,2022-08-07,747.25
19,2022-08-14,782.0
19,2022-08-21,789.4736842105264
19,2022-08-28,892.6470588235294
19,2022-08-31,779.25
19,2022-09-04,607.0
19,2022-09-11,737.1052631578947
19,2022-09-18,675.5
19,2022-09-25,723.8888888888889
19,2022-09-30,638.75
19,2022-10-02,744.7222222222222
19,2022-10-09,786.3888888888889
19,2022-10-16,802.3684210526316
19,2022-10-23,808.3333333333334
19,2022-10-30,625.952380952381
19,2022-10-31,642.6190476190476
19,2022-11-06,724.2857142857143
19,2022-11-13,742.3684210526316
19,2022-11-20,753.421052631579
19,2022-11-27,688.0
19,2022-11-30,798.75
19,2022-12-04,743.5714285714286
19,2022-12-11,874.2857142857143
19,2022-12-18,967.25
19,2022-12-25,1075.5555555555557
19,2022-12-31,868.75
20,2022-01-02,650.0
20,2022-01-09,245.0
20,2022-01-16,298.0
20,2022-01-23,292.0
20,2022-01-30,386.6666666666667
20,2022-01-31,300.0
20,2022-02-06,270.0
20,2022-02-13,358.0
20,2022-02-20,290.0
20,2022-02-27,375.0
20,2022-02-28,590.0
20,2022-03-06,296.0
20,2022-03-13,201.66666666666666
20,2022-03-20,410.0
20,2022-03-27,242.0
20,2022-03-31,332.5
20,2022-04-03,422.0
20,2022-04-10,502.0
20,2022-04-17,783.3333333333334
20,2022-04-24,492.5
20,2022-04-30,620.0
20,2022-05-01,510.0
20,2022-05-08,602.5
20,2022-05-15,510.0
20,2022-05-22,717.5
20,2022-05-29,574.0
20,2022-05-31,572.5
20,2022-06-05,427.5
20,2022-06-12,382.5
20,2022-06-19,525.0
20,2022-06-26,452.5
20,2022-06-30,560.0
20,2022-07-03,482.0
20,2022-07-10,345.0
20,2022-07-17,690.0
20,2022-07-24,524.0
20,2022-07-31,517.5
20,2022-08-07,262.0
20,2022-08-14,394.0
20,2022-08-21,540.0
20,2022-08-28,593.3333333333334
20,2022-08-31,555.0
20,2022-09-04,408.0
20,2022-09-11,375.0
20,2022-09-18,393.3333333333333
20,2022-09-25,384.0
20,2022-09-30,402.0
20,2022-10-02,665.0
20,2022-10-09,495.0
20,2022-10-16,470.0
20,2022-10-23,777.5
20,2022-10-30,375.0
20,2022-10-31,271.6666666666667
20,2022-11-06,548.0
20,2022-11-13,522.0
20,2022-11-20,476.6666666666667
20,2022-11-27,264.2857142857143
20,2022-11-30,436.0
20,2022-12-04,505.0
20,2022-12-11,356.6666666666667
20,2022-12-18,556.0
20,2022-12-25,602.5
20,2022-12-31,544.0
21,2022-01-02,188.33333333333334
21,2022-01-09,143.33333333333334
21,2022-01-16,135.0
21,2022-01-23,262.5
21,2022-01-30,168.33333333333334
21,2022-01-31,212.5
21,2022-02-06,168.33333333333334
21,2022-02-13,425.0
21,2022-02-20,250.0
21,2022-02-27,210.0
21,2022-02-28,186.66666666666666
21,2022-03-06,841.25
21,2022-03-13,970.0
21,2022-03-20,816.25
21,2022-03-27,822.5
21,2022-03-31,777.5
21,2022-04-03,2350.0
21,2022-04-10,2333.3333333333335
21,2022-04-17,1876.25
21,2022-04-24,1935.0
21,2022-04-30,2108.3333333333335
21,2022-05-01,187.5
21,2022-05-08,135.0
21,2022-05-15,186.66666666666666
21,2022-05-22,177.5
21,2022-05-29,225.0
21,2022-05-31,237.5
21,2022-06-05,275.0
21,2022-06-12,125.0
21,2022-06-19,312.5
21,2022-06-26,126.66666666666667
21,2022-06-30,151.66666666666666
21,2022-07-03,237.5
21,2022-07-10,203.33333333333334
21,2022-07-17,201.66666666666666
21,2022-07-24,160.0
21,2022-07-31,185.0
21,2022-08-07,201.66666666666666
21,2022-08-14,193.33333333333334
21,2022-08-21,350.0
21,2022-08-28,287.5
21,2022-08-31,261.6666666666667
21,2022-09-04,210.0
21,2022-09-11,237.5
21,2022-09-18,400.0
21,2022-09-25,225.0
21,2022-09-30,228.33333333333334
21,2022-10-02,212.5
21,2022-10-09,212.5
21,2022-10-16,387.5
21,2022-10-23,250.0
21,2022-10-30,168.33333333333334
21,2022-10-31,151.66666666666666
21,2022-11-06,160.0
21,2022-11-13,237.5
21,2022-11-20,167.5
21,2022-11-27,125.0
21,2022-11-30,135.0
21,2022-12-04,195.0
21,2022-12-11,243.33333333333334
21,2022-12-18,185.0
21,2022-12-25,225.0
21,2022-12-31,251.66666666666666
22,2022-01-02,5.0
22,2022-01-09,3.0
22,2022-01-16,6.0
22,2022-01-23,10.0
22,2022-01-30,4.0
22,2022-01-31,8.0
22,2022-02-06,16.0
22,2022-02-13,10.0
22,2022-02-20,5.0
22,2022-02-27,11.0
22,2022-02-28,19.0
22,2022-03-06,7.0
22,2022-03-13,4.0
22,2022-03-20,12.0
22,2022-03-27,5.0
22,2022-03-31,8.0
22,2022-04-03,4.0
22,2022-04-10,10.0
22,2022-04-17,5.0
22,2022-04-24,7.0
22,2022-04-30,10.0
22,2022-05-01,2.0
22,2022-05-08,7.0
22,2022-05-15,12.0
22,2022-05-22,5.0
22,2022-05-29,14.0
22,2022-05-31,12.0
22,2022-06-05,8.0
22,2022-06-12,8.0
22,2022-06-19,14.0
22,2022-06-26,4.0
22,2022-06-30,10.0
22,2022-07-03,7.0
22,2022-07-10,11.0
22,2022-07-17,8.0
22,2022-07-24,11.0
22,2022-07-31,12.0
22,2022-08-07,3.0
22,2022-08-14,14.0
22,2022-08-21,9.0
22,2022-08-28,11.0
22,2022-08-31,15.0
22,2022-09-04,7.0
22,2022-09-11,8.0
22,2022-09-18,8.0
22,2022-09-25,14.0
22,2022-09-30,5.0
22,2022-10-02,7.0
22,2022-10-09,5.0
22,2022-10-16,10.0
22,2022-10-23,9.0
22,2022-10-30,4.0
22,2022-10-31,5.0
22,2022-11-06,5.0
22,2022-11-13,2.0
22,2022-11-20,5.0
22,2022-11-27,4.0
22,2022-11-30,2.0
22,2022-12-04,6.0
22,2022-12-11,7.0
22,2022-12-18,14.0
22,2022-12-25,8.0
22,2022-12-31,5.0
23,2022-01-02,425.0
23,2022-01-09,1100.0
23,2022-01-16,300.0
23,2022-01-23,500.0
23,2022-01-30,1200.0
23,2022-01-31,400.0
23,2022-02-06,700.0
23,2022-02-13,2000.0
23,2022-02-20,1400.0
23,2022-02-27,900.0
23,2022-02-28,625.0
23,2022-03-06,1900.0
23,2022-03-13,1600.0
23,2022-03-20,1500.0
23,2022-03-27,475.0
23,2022-03-31,600.0
23,2022-04-03,825.0
23,2022-04-10,775.0
23,2022-04-17,2100.0
23,2022-04-24,725.0
23,2022-04-30,1400.0
23,2022-05-01,625.0
23,2022-05-08,1400.0
23,2022-05-15,1200.0
23,2022-05-22,900.0
23,2022-05-29,1100.0
23,2022-05-31,675.0
23,2022-06-05,1800.0
23,2022-06-12,1300.0
23,2022-06-19,516.6666666666666
23,2022-06-26,725.0
23,2022-06-30,700.0
23,2022-07-03,1200.0
23,2022-07-10,1200.0
23,2022-07-17,500.0
23,2022-07-24,775.0
23,2022-07-31,900.0
23,2022-08-07,675.0
23,2022-08-14,875.0
23,2022-08-21,1400.0
23,2022-08-28,575.0
23,2022-08-31,600.0
23,2022-09-04,1400.0
23,2022-09-11,1300.0
23,2022-09-18,1000.0
23,2022-09-25,1300.0
23,2022-09-30,1500.0
23,2022-10-02,1300.0
23,2022-10-09,700.0
23,2022-10-16,1800.0
23,2022-10-23,900.0
23,2022-10-30,325.0
23,2022-10-31,1700.0
23,2022-11-06,1200.0
23,2022-11-13,1300.0
23,2022-11-20,700.0
23,2022-11-27,800.0
23,2022-11-30,1400.0
23,2022-12-04,1600.0
23,2022-12-11,1600.0
23,2022-12-18,1150.0
23,2022-12-25,1275.0
23,2022-12-31,975.0
24,2022-01-09,100.0
24,2022-09-04,1600.0
24,2022-09-11,350.0
24,2022-09-18,400.0
24,2022-09-25,200.0
24,2022-09-30,800.0
24,2022-10-02,1200.0
24,2022-10-09,800.0
24,2022-10-16,800.0
24,2022-10-23,400.0
24,2022-10-30,200.0
24,2022-10-31,1200.0
24,2022-11-06,1000.0
24,2022-11-13,1400.0
24,2022-11-20,800.0
24,2022-11-27,1000.0
24,2022-11-30,1600.0
24,2022-12-04,1000.0
24,2022-12-11,1400.0
24,2022-12-18,2000.0
24,2022-12-25,800.0
24,2022-12-31,1000.0
25,2022-01-02,105.25
25,2022-01-09,99.83333333333333
25,2022-01-16,95.73333333333333
25,2022-01-23,99.91666666666667
25,2022-01-30,104.0
25,2022-01-31,97.23076923076923
25,2022-02-06,100.28571428571429
25,2022-02-13,127.9090909090909
25,2022-02-20,106.33333333333333
25,2022-02-27,122.0
25,2022-02-28,108.0
25,2022-03-06,156.85714285714286
25,2022-03-13,138.64285714285714
25,2022-03-20,154.57142857142858
25,2022-03-27,140.85714285714286
25,2022-03-31,150.42857142857142
25,2022-04-03,223.71428571428572
25,2022-04-10,218.85714285714286
25,2022-04-17,221.07142857142858
25,2022-04-24,213.26666666666668
25,2022-04-30,223.3846153846154
25,2022-05-01,153.41666666666666
25,2022-05-08,130.84615384615384
25,2022-05-15,125.07692307692308
25,2022-05-22,135.84615384615384
25,2022-05-29,148.91666666666666
25,2022-05-31,129.5
25,2022-06-05,121.3076923076923
25,2022-06-12,106.5
25,2022-06-19,113.66666666666667
25,2022-06-26,105.61538461538461
25,2022-06-30,104.0
25,2022-07-03,140.8181818181818
25,2022-07-10,125.6923076923077
25,2022-07-17,151.0
25,2022-07-24,145.75
25,2022-07-31,108.46153846153847
25,2022-08-07,133.30769230769232
25,2022-08-14,122.78571428571429
25,2022-08-21,136.91666666666666
25,2022-08-28,145.25
25,2022-08-31,152.53846153846155
25,2022-09-04,102.6923076923077
25,2022-09-11,119.53846153846153
25,2022-09-18,121.76923076923077
25,2022-09-25,115.92307692307692
25,2022-09-30,109.5
25,2022-10-02,113.53846153846153
25,2022-10-09,132.5
25,2022-10-16,141.0
25,2022-10-23,132.91666666666666
25,2022-10-30,105.66666666666667
25,2022-10-31,108.53846153846153
25,2022-11-06,120.5
25,2022-11-13,113.23076923076923
25,2022-11-20,114.0
25,2022-11-27,122.23076923076923
25,2022-11-30,132.84615384615384
25,2022-12-04,126.78571428571429
25,2022-12-11,134.85714285714286
25,2022-12-18,149.64285714285714
25,2022-12-25,151.53846153846155
25,2022-12-31,136.14285714285714
27,2022-01-02,70.625
27,2022-01-09,73.75
27,2022-01-16,78.75
27,2022-01-23,70.625
27,2022-01-30,75.625
27,2022-01-31,83.125
27,2022-02-06,83.75
27,2022-02-13,86.25
27,2022-02-20,71.25
27,2022-02-27,104.28571428571429
27,2022-02-28,71.25
27,2022-03-06,81.11111111111111
27,2022-03-13,86.875
27,2022-03-20,95.0
27,2022-03-27,90.0
27,2022-03-31,93.125
27,2022-04-03,94.375
27,2022-04-10,91.875
27,2022-04-17,97.5
27,2022-04-24,90.0
27,2022-04-30,112.85714285714286
27,2022-05-01,113.125
27,2022-05-08,100.625
27,2022-05-15,108.57142857142857
27,2022-05-22,88.75
27,2022-05-29,109.375
27,2022-05-31,92.5
27,2022-06-05,80.0
27,2022-06-12,70.0
27,2022-06-19,90.71428571428571
27,2022-06-26,69.375
27,2022-06-30,86.42857142857143
27,2022-07-03,88.75
27,2022-07-10,89.375
27,2022-07-17,96.875
27,2022-07-24,96.875
27,2022-07-31,80.625
27,2022-08-07,106.25
27,2022-08-14,94.375
27,2022-08-21,99.375
27,2022-08-28,115.71428571428571
27,2022-08-31,95.625
27,2022-09-04,75.0
27,2022-09-11,86.25
27,2022-09-18,83.75
27,2022-09-25,84.375
27,2022-09-30,81.25
27,2022-10-02,91.11111111111111
27,2022-10-09,100.0
27,2022-10-16,93.88888888888889
27,2022-10-23,97.77777777777777
27,2022-10-30,95.55555555555556
27,2022-10-31,87.77777777777777
27,2022-11-06,83.33333333333333
27,2022-11-13,75.0
27,2022-11-20,83.88888888888889
27,2022-11-27,80.55555555555556
27,2022-11-30,90.55555555555556
27,2022-12-04,97.5
27,2022-12-11,103.125
27,2022-12-18,122.5
27,2022-12-25,118.75
27,2022-12-31,110.0
28,2022-03-06,5600.0
28,2022-03-13,6500.0
28,2022-03-20,5800.0
28,2022-03-27,5700.0
28,2022-03-31,5200.0
28,2022-04-03,13600.0
28,2022-04-10,13200.0
28,2022-04-17,13900.0
28,2022-04-24,14500.0
28,2022-04-30,12200.0
30,2022-01-02,1266.6666666666667
30,2022-01-09,1900.0
30,2022-01-16,2000.0
30,2022-01-23,2800.0
30,2022-01-30,4600.0
30,2022-01-31,3350.0
30,2022-02-06,3800.0
30,2022-02-13,2350.0
30,2022-02-20,2233.3333333333335
30,2022-02-27,7000.0
30,2022-02-28,1133.3333333333333
30,2022-03-06,6000.0
30,2022-03-13,3700.0
30,2022-03-20,3550.0
30,2022-03-27,3550.0
30,2022-03-31,6000.0
30,2022-04-03,2800.0
30,2022-04-10,4800.0
30,2022-04-17,3050.0
30,2022-04-24,4900.0
30,2022-04-30,3650.0
30,2022-05-01,4050.0
30,2022-05-08,3900.0
30,2022-05-15,2800.0
30,2022-05-22,7500.0
30,2022-05-29,6000.0
30,2022-05-31,3550.0
30,2022-06-05,5500.0
30,2022-06-12,5500.0
30,2022-06-19,3550.0
30,2022-06-26,3550.0
30,2022-06-30,2550.0
30,2022-07-03,2733.3333333333335
30,2022-07-10,10500.0
30,2022-07-17,4200.0
30,2022-07-24,4900.0
30,2022-07-31,2233.3333333333335
30,2022-08-07,10000.0
30,2022-08-14,7500.0
30,2022-08-21,2900.0
30,2022-08-28,4800.0
30,2022-08-31,2075.0
30,2022-09-04,2300.0
30,2022-09-11,1400.0
30,2022-09-18,2800.0
30,2022-09-25,2700.0
30,2022-09-30,2350.0
30,2022-10-02,4050.0
30,2022-10-09,4300.0
30,2022-10-16,2100.0
30,2022-10-23,3100.0
30,2022-10-30,3600.0
30,2022-10-31,4900.0
30,2022-11-06,2733.3333333333335
30,2022-11-13,1433.3333333333333
30,2022-11-20,5000.0
30,2022-11-27,3550.0
30,2022-11-30,4300.0
30,2022-12-04,3266.6666666666665
30,2022-12-11,3866.6666666666665
30,2022-12-18,3300.0
30,2022-12-25,1225.0
30,2022-12-31,3333.3333333333335
31,2022-01-02,35.0
31,2022-01-09,39.0
31,2022-01-16,33.0
31,2022-01-23,39.0
31,2022-01-30,36.0
31,2022-01-31,43.0
31,2022-02-06,32.0
31,2022-02-13,50.0
31,2022-02-20,34.0
31,2022-02-27,51.0
31,2022-02-28,47.0
31,2022-03-06,60.0
31,2022-03-13,64.0
31,2022-03-20,55.0
31,2022-03-27,66.0
31,2022-03-31,53.0
31,2022-04-03,73.0
31,2022-04-10,83.0
31,2022-04-17,75.0
31,2022-04-24,69.0
31,2022-04-30,83.0
31,2022-05-01,60.0
31,2022-05-08,74.0
31,2022-05-15,72.0
31,2022-05-22,52.0
31,2022-05-29,64.0
31,2022-05-31,60.0
31,2022-06-05,53.0
31,2022-06-12,43.0
31,2022-06-19,55.0
31,2022-06-26,66.0
31,2022-06-30,39.0
31,2022-07-03,53.0
31,2022-07-10,69.0
31,2022-07-17,57.0
31,2022-07-24,70.0
31,2022-07-31,52.0
31,2022-08-07,66.0
31,2022-08-14,67.0
31,2022-08-21,55.0
31,2022-08-28,57.0
31,2022-08-31,53.0
31,2022-09-04,48.0
31,2022-09-11,44.0
31,2022-09-18,52.0
31,2022-09-25,41.0
31,2022-09-30,49.0
31,2022-10-02,60.0
31,2022-10-09,59.0
31,2022-10-16,60.0
31,2022-10-23,51.0
31,2022-10-30,50.0
31,2022-10-31,35.0
31,2022-11-06,60.0
31,2022-11-13,61.0
31,2022-11-20,68.0
31,2022-11-27,61.0
31,2022-11-30,66.0
31,2022-12-04,83.0
31,2022-12-11,92.0
31,2022-12-18,65.0
31,2022-12-25,74.0
31,2022-12-31,69.0
32,2022-01-02,616.6666666666666
32,2022-01-09,666.6666666666666
32,2022-01-16,766.6666666666666
32,2022-01-23,1000.0
32,2022-01-30,633.3333333333334
32,2022-01-31,750.0
32,2022-02-06,1100.0
32,2022-02-13,1325.0
32,2022-02-20,750.0
32,2022-02-27,766.6666666666666
32,2022-02-28,850.0
32,2022-03-06,800.0
32,2022-03-13,750.0
32,2022-03-20,850.0
32,2022-03-27,783.3333333333334
32,2022-03-31,766.6666666666666
32,2022-04-03,866.6666666666666
32,2022-04-10,1100.0
32,2022-04-17,1133.3333333333333
32,2022-04-24,1325.0
32,2022-04-30,866.6666666666666
32,2022-05-01,1350.0
32,2022-05-08,800.0
32,2022-05-15,1300.0
32,2022-05-22,800.0
32,2022-05-29,1050.0
32,2022-05-31,883.3333333333334
32,2022-06-05,1300.0
32,2022-06-12,1100.0
32,2022-06-19,733.3333333333334
32,2022-06-26,683.3333333333334
32,2022-06-30,1066.6666666666667
32,2022-07-03,1375.0
32,2022-07-10,1116.6666666666667
32,2022-07-17,1000.0
32,2022-07-24,1100.0
32,2022-07-31,983.3333333333334
32,2022-08-07,1150.0
32,2022-08-14,1475.0
32,2022-08-21,695.0
32,2022-08-28,735.0
32,2022-08-31,970.0
32,2022-09-04,1050.0
32,2022-09-11,1100.0
32,2022-09-18,1100.0
32,2022-09-25,950.0
32,2022-09-30,1650.0
32,2022-10-02,1100.0
32,2022-10-09,966.6666666666666
32,2022-10-16,1033.3333333333333
32,2022-10-23,1116.6666666666667
32,2022-10-30,900.0
32,2022-10-31,883.3333333333334
32,2022-11-06,766.6666666666666
32,2022-11-13,1250.0
32,2022-11-20,1600.0
32,2022-11-27,900.0
32,2022-11-30,1016.6666666666666
32,2022-12-04,1216.6666666666667
32,2022-12-11,1366.6666666666667
32,2022-12-18,1300.0
32,2022-12-25,1975.0
32,2022-12-31,1300.0
33,2022-10-02,1400.0
33,2022-10-09,950.0
33,2022-10-16,1100.0
33,2022-10-23,1300.0
33,2022-10-30,1350.0
33,2022-10-31,1050.0
33,2022-11-06,250.0
33,2022-11-13,200.0
33,2022-11-20,200.0
33,2022-11-27,150.0
33,2022-11-30,150.0
34,2022-01-02,1.76
34,2022-01-09,0.88
34,2022-01-16,2.2
34,2022-01-23,2.2
34,2022-01-30,1.32
34,2022-01-31,2.2
34,2022-02-06,3.52
34,2022-02-13,2.64
34,2022-02-20,1.32
34,2022-02-27,3.52
34,2022-02-28,5.28
34,2022-03-06,7.48
34,2022-03-13,7.37
34,2022-03-20,7.7
34,2022-03-27,6.93
34,2022-03-31,7.04
34,2022-04-03,15.4
34,2022-04-10,15.84
34,2022-04-17,16.169999999999998
34,2022-04-24,17.27
34,2022-04-30,14.74
34,2022-05-01,0.44
34,2022-05-08,2.64
34,2022-05-15,3.52
34,2022-05-22,1.32
34,2022-05-29,3.08
34,2022-05-31,2.64
34,2022-06-05,2.64
34,2022-06-12,1.76
34,2022-06-19,3.08
34,2022-06-26,0.88
34,2022-06-30,2.2
34,2022-07-03,1.76
34,2022-07-10,3.08
34,2022-07-17,1.76
34,2022-07-24,2.2
34,2022-07-31,3.52
34,2022-08-07,0.44
34,2022-08-14,3.96
34,2022-08-21,3.08
34,2022-08-28,3.96
34,2022-08-31,4.84
34,2022-09-04,1.76
34,2022-09-11,2.64
34,2022-09-18,3.08
34,2022-09-25,3.08
34,2022-09-30,1.32
34,2022-10-02,2.2
34,2022-10-09,1.76
34,2022-10-16,3.52
34,2022-10-23,2.2
34,2022-10-30,0.44
34,2022-10-31,0.88
34,2022-11-06,1.32
34,2022-11-13,0.44
34,2022-11-20,1.32
34,2022-12-04,0.88
34,2022-12-11,1.32
34,2022-12-18,3.08
34,2022-12-25,1.76
34,2022-12-31,1.76
35,2022-01-02,400.0
35,2022-01-09,600.0
35,2022-01-16,375.0
35,2022-01-23,225.0
35,2022-01-30,175.0
35,2022-01-31,225.0
35,2022-02-06,275.0
35,2022-02-13,300.0
35,2022-02-20,1000.0
35,2022-02-27,200.0
35,2022-02-28,500.0
35,2022-03-06,350.0
35,2022-03-13,800.0
35,2022-03-20,700.0
35,2022-03-27,200.0
35,2022-03-31,600.0
35,2022-04-03,425.0
35,2022-04-10,625.0
35,2022-04-17,1200.0
35,2022-04-24,600.0
35,2022-04-30,900.0
35,2022-05-01,500.0
35,2022-05-08,1200.0
35,2022-05-15,900.0
35,2022-05-22,700.0
35,2022-05-29,1000.0
35,2022-05-31,1000.0
35,2022-06-05,900.0
35,2022-06-12,500.0
35,2022-06-19,700.0
35,2022-06-26,500.0
35,2022-06-30,1200.0
35,2022-07-03,500.0
35,2022-07-10,800.0
35,2022-07-17,900.0
35,2022-07-24,1100.0
35,2022-07-31,500.0
35,2022-08-07,300.0
35,2022-08-14,225.0
35,2022-08-21,600.0
35,2022-08-28,600.0
35,2022-08-31,400.0
35,2022-09-04,500.0
35,2022-09-11,500.0
35,2022-09-18,400.0
35,2022-09-25,400.0
35,2022-09-30,100.0
35,2022-10-02,300.0
35,2022-10-09,700.0
35,2022-10-16,900.0
35,2022-10-23,300.0
35,2022-10-30,75.0
35,2022-10-31,400.0
35,2022-11-06,700.0
35,2022-11-13,400.0
35,2022-11-20,1000.0
35,2022-11-27,900.0
35,2022-11-30,1000.0
35,2022-12-04,700.0
35,2022-12-11,700.0
35,2022-12-18,700.0
35,2022-12-25,1400.0
35,2022-12-31,1000.0
36,2022-01-02,10.88888888888889
36,2022-01-09,12.555555555555555
36,2022-01-16,7.444444444444445
36,2022-01-23,9.125
36,2022-01-30,13.666666666666666
36,2022-01-31,7.75
36,2022-02-06,12.0
36,2022-02-13,27.166666666666668
36,2022-02-20,18.75
36,2022-02-27,12.0
36,2022-02-28,13.1
36,2022-03-06,18.0
36,2022-03-13,19.5
36,2022-03-20,18.25
36,2022-03-27,11.25
36,2022-03-31,9.0
36,2022-04-03,15.818181818181818
36,2022-04-10,16.2
36,2022-04-17,24.5
36,2022-04-24,16.5
36,2022-04-30,16.22222222222222
36,2022-05-01,18.25
36,2022-05-08,19.75
36,2022-05-15,22.833333333333332
36,2022-05-22,15.0
36,2022-05-29,17.5
36,2022-05-31,15.777777777777779
36,2022-06-05,24.142857142857142
36,2022-06-12,16.75
36,2022-06-19,16.375
36,2022-06-26,12.8
36,2022-06-30,13.75
36,2022-07-03,20.0
36,2022-07-10,15.875
36,2022-07-17,10.333333333333334
36,2022-07-24,18.77777777777778
36,2022-07-31,12.125
36,2022-08-07,14.4
36,2022-08-14,17.0
36,2022-08-21,17.22222222222222
36,2022-08-28,12.4
36,2022-08-31,12.428571428571429
36,2022-09-04,19.0
36,2022-09-11,16.75
36,2022-09-18,13.0
36,2022-09-25,15.555555555555555
36,2022-09-30,17.285714285714285
36,2022-10-02,13.777777777777779
36,2022-10-09,9.11111111111111
36,2022-10-16,17.77777777777778
36,2022-10-23,13.375
36,2022-10-30,6.333333333333333
36,2022-10-31,15.444444444444445
36,2022-11-06,15.0
36,2022-11-13,16.0
36,2022-11-20,13.375
36,2022-11-27,12.555555555555555
36,2022-11-30,18.0
36,2022-12-04,17.555555555555557
36,2022-12-11,25.9
36,2022-12-18,20.6
36,2022-12-25,27.25
36,2022-12-31,18.1
37,2022-01-02,15.0
37,2022-01-09,5.0
37,2022-01-16,5.0
37,2022-01-30,5.0
37,2022-02-06,5.0
37,2022-02-27,5.0
37,2022-02-28,10.0
37,2022-03-06,15.0
37,2022-03-13,5.0
37,2022-03-20,15.0
37,2022-03-27,15.0
37,2022-03-31,10.0
37,2022-04-17,5.0
37,2022-04-24,15.0
37,2022-05-08,5.0
37,2022-05-15,10.0
37,2022-05-22,5.0
37,2022-06-26,5.0
37,2022-06-30,5.0
37,2022-07-10,10.0
37,2022-07-17,5.0
37,2022-07-24,5.0
37,2022-07-31,5.0
37,2022-08-07,5.0
37,2022-08-14,5.0
37,2022-08-31,10.0
37,2022-09-04,5.0
37,2022-09-30,10.0
37,2022-10-30,5.0
37,2022-10-31,5.0
37,2022-11-06,5.0
37,2022-11-20,10.0
37,2022-11-30,5.0
37,2022-12-04,10.0
37,2022-12-11,5.0
37,2022-12-18,5.0
37,2022-12-31,5.0
38,2022-01-02,333.6666666666667
38,2022-01-09,500.3833333333334
38,2022-01-16,167.01666666666668
38,2022-01-23,1333.6333333333334
38,2022-01-30,1000.3333333333334
38,2022-01-31,1000.275
38,2022-02-06,1333.7333333333333
38,2022-02-13,2333.633333333333
38,2022-02-20,666.9499999999999
38,2022-02-27,650.3
38,2022-02-28,833.7833333333333
38,2022-03-06,7750.2125
38,2022-03-13,8750.275
38,2022-03-20,7375.2125
38,2022-03-27,7625.225
38,2022-03-31,7000.325
38,2022-04-03,13750.25
38,2022-04-10,16750.325
38,2022-04-17,18375.15
38,2022-04-24,18375.275
38,2022-04-30,15625.25
38,2022-05-01,667.0500000000001
38,2022-05-08,833.6
38,2022-05-15,500.31666666666666
38,2022-05-22,0.7
38,2022-05-29,1167.1499999999999
38,2022-05-31,1167.3
38,2022-06-05,333.6166666666667
38,2022-06-12,333.53333333333336
38,2022-06-19,1000.35
38,2022-06-26,667.1
38,2022-06-30,500.4166666666667
38,2022-07-03,667.0
38,2022-07-10,833.7166666666667
38,2022-07-17,833.6833333333334
38,2022-07-24,833.9333333333334
38,2022-07-31,833.7333333333332
38,2022-08-07,1167.0666666666666
38,2022-08-14,1167.0166666666667
38,2022-08-21,1166.9833333333333
38,2022-08-28,667.0
38,2022-08-31,1166.95
38,2022-09-04,1000.35
38,2022-09-11,833.6999999999999
38,2022-09-18,1500.4666666666665
38,2022-09-25,1000.775
38,2022-09-30,833.6333333333333
38,2022-10-02,500.34999999999997
38,2022-10-09,500.575
38,2022-10-16,1000.4166666666666
38,2022-10-23,500.5
38,2022-10-30,500.3333333333333
38,2022-10-31,333.73333333333335
38,2022-11-06,1333.6333333333334
38,2022-11-13,500.34999999999997
38,2022-11-20,0.7
38,2022-11-27,167.13333333333333
38,2022-11-30,500.3833333333334
38,2022-12-04,1333.7833333333333
38,2022-12-11,1333.8500000000001
38,2022-12-18,833.7666666666668
38,2022-12-25,437.8125
38,2022-12-31,1667.1833333333334
40,2022-01-02,61.666666666666664
40,2022-01-09,83.0
40,2022-01-16,38.25
40,2022-01-23,85.0
40,2022-01-30,61.0
40,2022-01-31,42.333333333333336
40,2022-02-06,71.66666666666667
40,2022-02-13,69.0
40,2022-02-20,69.0
40,2022-02-27,93.0
40,2022-02-28,71.0
40,2022-03-06,88.33333333333333
40,2022-03-13,53.333333333333336
40,2022-03-20,98.0
40,2022-03-27,80.33333333333333
40,2022-03-31,90.66666666666667
40,2022-04-03,114.66666666666667
40,2022-04-10,130.0
40,2022-04-17,80.66666666666667
40,2022-04-24,94.0
40,2022-04-30,94.66666666666667
40,2022-05-01,97.66666666666667
40,2022-05-08,82.0
40,2022-05-15,77.33333333333333
40,2022-05-22,111.66666666666667
40,2022-05-29,85.33333333333333
40,2022-05-31,91.66666666666667
40,2022-06-05,64.25
40,2022-06-12,69.66666666666667
40,2022-06-19,72.33333333333333
40,2022-06-26,68.33333333333333
40,2022-06-30,62.666666666666664
40,2022-07-03,78.66666666666667
40,2022-07-10,91.0
40,2022-07-17,94.33333333333333
40,2022-07-24,107.33333333333333
40,2022-07-31,47.25
40,2022-08-07,98.0
40,2022-08-14,84.0
40,2022-08-21,94.33333333333333
40,2022-08-28,82.0
40,2022-08-31,112.0
40,2022-09-04,57.0
40,2022-09-11,54.2
40,2022-09-18,55.0
40,2022-09-25,49.4
40,2022-09-30,61.0
40,2022-10-02,50.0
40,2022-10-09,73.0
40,2022-10-16,95.0
40,2022-10-23,51.0
40,2022-10-30,63.25
40,2022-10-31,62.666666666666664
40,2022-11-06,63.25
40,2022-11-13,50.0
40,2022-11-20,45.0
40,2022-11-27,44.0
40,2022-11-30,72.66666666666667
40,2022-12-04,75.25
40,2022-12-11,57.75
40,2022-12-18,77.75
40,2022-12-25,59.4
40,2022-12-31,74.75
42,2022-01-02,3175.0
42,2022-01-09,2525.0
42,2022-01-16,2800.0
42,2022-01-23,2280.0
42,2022-01-30,2280.0
42,2022-01-31,2150.0
42,2022-02-06,2600.0
42,2022-02-13,2225.0
42,2022-02-20,2850.0
42,2022-02-27,2260.0
42,2022-02-28,2475.0
42,2022-03-06,2925.0
42,2022-03-13,4050.0
42,2022-03-20,3775.0
42,2022-03-27,3980.0
42,2022-03-31,3800.0
42,2022-04-03,4300.0
42,2022-04-10,3925.0
42,2022-04-17,5333.333333333333
42,2022-04-24,3950.0
42,2022-04-30,2600.0
42,2022-05-01,4200.0
42,2022-05-08,2720.0
42,2022-05-15,4050.0
42,2022-05-22,3900.0
42,2022-05-29,3580.0
42,2022-05-31,3775.0
42,2022-06-05,2660.0
42,2022-06-12,4425.0
42,2022-06-19,4075.0
42,2022-06-26,4166.666666666667
42,2022-06-30,3800.0
42,2022-07-03,3550.0
42,2022-07-10,3675.0
42,2022-07-17,4100.0
42,2022-07-24,4775.0
42,2022-07-31,4433.333333333333
42,2022-08-07,3925.0
42,2022-08-14,4275.0
42,2022-08-21,4100.0
42,2022-08-28,4000.0
42,2022-08-31,4325.0
42,2022-09-04,2560.0
42,2022-09-11,2640.0
42,2022-09-18,2720.0
42,2022-09-25,3820.0
42,2022-09-30,1980.0
42,2022-10-02,2225.0
42,2022-10-09,1425.0
42,2022-10-16,2160.0
42,2022-10-23,3833.3333333333335
42,2022-10-30,3025.0
42,2022-10-31,3225.0
42,2022-11-06,4425.0
42,2022-11-13,3675.0
42,2022-11-20,5000.0
42,2022-11-27,2975.0
42,2022-11-30,4333.333333333333
42,2022-12-04,4160.0
42,2022-12-11,2620.0
42,2022-12-18,3640.0
42,2022-12-25,3350.0
42,2022-12-31,4400.0
44,2022-01-02,400.0
44,2022-01-09,600.0
44,2022-01-16,375.0
44,2022-01-23,225.0
44,2022-01-30,175.0
44,2022-01-31,225.0
44,2022-02-06,275.0
44,2022-02-13,300.0
44,2022-02-20,1000.0
44,2022-02-27,200.0
44,2022-02-28,500.0
44,2022-03-06,350.0
44,2022-03-13,800.0
44,2022-03-20,700.0
44,2022-03-27,200.0
44,2022-03-31,600.0
44,2022-04-03,425.0
44,2022-04-10,625.0
44,2022-04-17,1200.0
44,2022-04-24,600.0
44,2022-04-30,900.0
44,2022-05-01,500.0
44,2022-05-08,1200.0
44,2022-05-15,900.0
44,2022-05-22,700.0
44,2022-05-29,1000.0
44,2022-05-31,1000.0
44,2022-06-05,900.0
44,2022-06-12,500.0
44,2022-06-19,700.0
44,2022-06-26,500.0
44,2022-06-30,1200.0
44,2022-07-03,500.0
44,2022-07-10,800.0
44,2022-07-17,900.0
44,2022-07-24,1100.0
44,2022-07-31,500.0
44,2022-08-07,300.0
44,2022-08-14,225.0
44,2022-08-21,600.0
44,2022-08-28,600.0
44,2022-08-31,400.0
44,2022-09-04,500.0
44,2022-09-11,500.0
44,2022-09-18,400.0
44,2022-09-25,400.0
44,2022-09-30,100.0
44,2022-10-02,300.0
44,2022-10-09,700.0
44,2022-10-16,900.0
44,2022-10-23,300.0
44,2022-10-30,75.0
44,2022-10-31,400.0
44,2022-11-06,700.0
44,2022-11-13,400.0
44,2022-11-20,1000.0
44,2022-11-27,900.0
44,2022-11-30,1000.0
44,2022-12-04,700.0
44,2022-12-11,700.0
44,2022-12-18,700.0
44,2022-12-25,1400.0
44,2022-12-31,1000.0
45,2022-01-02,393.3333333333333
45,2022-01-09,396.6666666666667
45,2022-01-16,675.0
45,2022-01-23,600.0
45,2022-01-30,555.0
45,2022-01-31,450.0
45,2022-02-06,660.0
45,2022-02-13,795.0
45,2022-02-20,660.0
45,2022-02-27,675.0
45,2022-02-28,533.3333333333334
45,2022-03-06,690.0
45,2022-03-13,446.6666666666667
45,2022-03-20,750.0
45,2022-03-27,690.0
45,2022-03-31,466.6666666666667
45,2022-04-03,750.0
45,2022-04-10,666.6666666666666
45,2022-04-17,720.0
45,2022-04-24,546.6666666666666
45,2022-04-30,550.0
45,2022-05-01,810.0
45,2022-05-08,705.0
45,2022-05-15,780.0
45,2022-05-22,476.6666666666667
45,2022-05-29,653.3333333333334
45,2022-05-31,526.6666666666666
45,2022-06-05,553.3333333333334
45,2022-06-12,663.3333333333334
45,2022-06-19,480.0
45,2022-06-26,570.0
45,2022-06-30,616.6666666666666
45,2022-07-03,566.6666666666666
45,2022-07-10,663.3333333333334
45,2022-07-17,656.6666666666666
45,2022-07-24,960.0
45,2022-07-31,855.0
45,2022-08-07,686.6666666666666
45,2022-08-14,640.0
45,2022-08-21,553.3333333333334
45,2022-08-28,566.6666666666666
45,2022-08-31,556.6666666666666
45,2022-09-04,653.3333333333334
45,2022-09-11,656.6666666666666
45,2022-09-18,626.6666666666666
45,2022-09-25,840.0
45,2022-09-30,693.3333333333334
45,2022-10-02,666.6666666666666
45,2022-10-09,583.3333333333334
45,2022-10-16,633.3333333333334
45,2022-10-23,710.0
45,2022-10-30,580.0
45,2022-10-31,570.0
45,2022-11-06,483.3333333333333
45,2022-11-13,750.0
45,2022-11-20,690.0
45,2022-11-27,526.6666666666666
45,2022-11-30,900.0
45,2022-12-04,770.0
45,2022-12-11,860.0
45,2022-12-18,763.3333333333334
45,2022-12-25,823.3333333333334
45,2022-12-31,803.3333333333334
46,2022-01-30,100.0
46,2022-01-31,50.0
46,2022-02-06,50.0
46,2022-02-13,50.0
46,2022-02-27,100.0
46,2022-03-13,50.0
46,2022-03-20,50.0
46,2022-03-27,50.0
46,2022-05-01,50.0
46,2022-05-29,150.0
46,2022-06-19,50.0
46,2022-06-26,100.0
46,2022-08-07,50.0
46,2022-08-21,150.0
46,2022-08-28,50.0
46,2022-08-31,50.0
46,2022-09-04,50.0
46,2022-09-18,200.0
46,2022-10-30,50.0
46,2022-10-31,100.0
46,2022-11-06,150.0
46,2022-11-20,50.0
46,2022-11-27,100.0
46,2022-11-30,50.0
46,2022-12-04,100.0
46,2022-12-11,50.0
46,2022-12-18,50.0
47,2022-01-02,150.0
47,2022-01-09,50.0
47,2022-01-16,40.0
47,2022-01-23,80.0
47,2022-01-30,40.0
47,2022-01-31,95.0
47,2022-02-06,90.0
47,2022-02-13,80.0
47,2022-02-20,90.0
47,2022-02-27,40.0
47,2022-02-28,90.0
47,2022-03-06,110.0
47,2022-03-13,80.0
47,2022-03-20,60.0
47,2022-03-27,66.66666666666667
47,2022-03-31,46.666666666666664
47,2022-04-03,280.0
47,2022-04-10,135.0
47,2022-04-17,100.0
47,2022-04-24,96.66666666666667
47,2022-04-30,223.33333333333334
47,2022-05-01,150.0
47,2022-05-08,70.0
47,2022-05-15,150.0
47,2022-05-22,120.0
47,2022-05-29,90.0
47,2022-05-31,100.0
47,2022-06-05,40.0
47,2022-06-12,80.0
47,2022-06-19,105.0
47,2022-06-26,150.0
47,2022-06-30,80.0
47,2022-07-03,80.0
47,2022-07-10,120.0
47,2022-07-17,55.0
47,2022-07-24,30.0
47,2022-07-31,55.0
47,2022-08-07,80.0
47,2022-08-14,150.0
47,2022-08-21,105.0
47,2022-08-28,40.0
47,2022-08-31,130.0
47,2022-09-04,115.0
47,2022-09-11,150.0
47,2022-09-18,135.0
47,2022-09-25,55.0
47,2022-09-30,170.0
47,2022-10-02,40.0
47,2022-10-09,85.0
47,2022-10-16,95.0
47,2022-10-23,40.0
47,2022-10-30,40.0
47,2022-10-31,65.0
47,2022-11-06,105.0
47,2022-11-13,65.0
47,2022-11-20,135.0
47,2022-11-27,55.0
47,2022-11-30,85.0
47,2022-12-04,195.0
47,2022-12-11,190.0
47,2022-12-18,125.0
47,2022-12-25,115.0
47,2022-12-31,130.0
48,2022-01-02,3809.0
48,2022-01-09,2559.5
48,2022-01-16,4348.333333333333
48,2022-01-23,4680.0
48,2022-01-30,3059.25
48,2022-01-31,2307.5
48,2022-02-06,4348.0
48,2022-02-13,3563.25
48,2022-02-20,4681.333333333333
48,2022-02-27,3015.0
48,2022-02-28,3062.5
48,2022-03-06,3348.6666666666665
48,2022-03-13,3560.75
48,2022-03-20,6016.666666666667
48,2022-03-27,6348.666666666667
48,2022-03-31,4311.25
48,2022-04-03,4562.5
48,2022-04-10,7355.0
48,2022-04-17,6355.666666666667
48,2022-04-24,6351.0
48,2022-04-30,4350.0
48,2022-05-01,6113.5
48,2022-05-08,4682.333333333333
48,2022-05-15,3563.0
48,2022-05-22,8015.333333333333
48,2022-05-29,8020.666666666667
48,2022-05-31,6350.333333333333
48,2022-06-05,5350.666666666667
48,2022-06-12,6687.666666666667
48,2022-06-19,4347.666666666667
48,2022-06-26,3679.3333333333335
48,2022-06-30,5686.666666666667
48,2022-07-03,7018.333333333333
48,2022-07-10,4615.75
48,2022-07-17,7019.666666666667
48,2022-07-24,6354.666666666667
48,2022-07-31,3314.25
48,2022-08-07,6022.333333333333
48,2022-08-14,6353.0
48,2022-08-21,4813.0
48,2022-08-28,3613.75
48,2022-08-31,6684.666666666667
48,2022-09-04,5354.0
48,2022-09-11,4021.3333333333335
48,2022-09-18,2865.25
48,2022-09-25,6064.0
48,2022-09-30,2316.5
48,2022-10-02,3066.25
48,2022-10-09,1563.75
48,2022-10-16,5020.0
48,2022-10-23,4066.5
48,2022-10-30,2363.25
48,2022-10-31,4350.666666666667
48,2022-11-06,7015.0
48,2022-11-13,3362.5
48,2022-11-20,7021.333333333333
48,2022-11-27,4562.75
48,2022-11-30,5686.666666666667
48,2022-12-04,9024.0
48,2022-12-11,4120.25
48,2022-12-18,5568.25
48,2022-12-25,3569.75
48,2022-12-31,7359.0
50,2022-01-02,362.0
50,2022-01-09,372.6666666666667
50,2022-01-16,285.0
50,2022-01-23,363.3333333333333
50,2022-01-30,332.3333333333333
50,2022-01-31,390.0
50,2022-02-06,464.6666666666667
50,2022-02-13,487.6666666666667
50,2022-02-20,404.6666666666667
50,2022-02-27,495.0
50,2022-02-28,260.5
50,2022-03-06,395.3333333333333
50,2022-03-13,574.3333333333334
50,2022-03-20,426.6666666666667
50,2022-03-27,525.3333333333334
50,2022-03-31,465.0
50,2022-04-03,566.6666666666666
50,2022-04-10,581.6666666666666
50,2022-04-17,492.3333333333333
50,2022-04-24,527.6666666666666
50,2022-04-30,596.6666666666666
50,2022-05-01,588.0
50,2022-05-08,515.6666666666666
50,2022-05-15,597.3333333333334
50,2022-05-22,455.3333333333333
50,2022-05-29,580.6666666666666
50,2022-05-31,567.0
50,2022-06-05,377.3333333333333
50,2022-06-12,331.0
50,2022-06-19,474.3333333333333
50,2022-06-26,252.66666666666666
50,2022-06-30,360.0
50,2022-07-03,478.3333333333333
50,2022-07-10,431.0
50,2022-07-17,349.6666666666667
50,2022-07-24,541.3333333333334
50,2022-07-31,379.0
50,2022-08-07,642.3333333333334
50,2022-08-14,479.6666666666667
50,2022-08-21,667.3333333333334
50,2022-08-28,598.3333333333334
50,2022-08-31,558.0
50,2022-09-04,360.6666666666667
50,2022-09-11,491.3333333333333
50,2022-09-18,510.3333333333333
50,2022-09-25,448.6666666666667
50,2022-09-30,492.0
50,2022-10-02,361.75
50,2022-10-09,538.3333333333334
50,2022-10-16,376.0
50,2022-10-23,431.0
50,2022-10-30,343.75
50,2022-10-31,321.0
50,2022-11-06,435.0
50,2022-11-13,275.5
50,2022-11-20,369.0
50,2022-11-27,268.25
50,2022-11-30,450.0
50,2022-12-04,431.5
50,2022-12-11,388.25
50,2022-12-18,694.3333333333334
50,2022-12-25,726.3333333333334
50,2022-12-31,417.25
51,2022-01-02,105.0
51,2022-01-09,105.0
51,2022-01-16,120.0
51,2022-01-23,90.0
51,2022-01-30,60.0
51,2022-01-31,90.0
51,2022-02-06,150.0
51,2022-02-13,75.0
51,2022-02-20,300.0
51,2022-02-27,45.0
51,2022-02-28,120.0
51,2022-03-06,135.0
51,2022-03-13,165.0
51,2022-03-20,210.0
51,2022-03-27,45.0
51,2022-03-31,105.0
51,2022-04-03,270.0
51,2022-04-10,225.0
51,2022-04-17,225.0
51,2022-04-24,225.0
51,2022-04-30,255.0
51,2022-05-01,120.0
51,2022-05-08,195.0
51,2022-05-15,180.0
51,2022-05-22,150.0
51,2022-05-29,195.0
51,2022-05-31,165.0
51,2022-06-05,150.0
51,2022-06-12,105.0
51,2022-06-19,150.0
51,2022-06-26,120.0
51,2022-06-30,210.0
51,2022-07-03,105.0
51,2022-07-10,240.0
51,2022-07-17,150.0
51,2022-07-24,330.0
51,2022-07-31,90.0
51,2022-08-07,75.0
51,2022-08-14,105.0
51,2022-08-21,135.0
51,2022-08-28,105.0
51,2022-08-31,120.0
51,2022-09-04,135.0
51,2022-09-11,120.0
51,2022-09-18,105.0
51,2022-09-25,75.0
51,2022-09-30,90.0
51,2022-10-02,60.0
51,2022-10-09,120.0
51,2022-10-16,165.0
51,2022-10-23,60.0
51,2022-10-30,30.0
51,2022-10-31,90.0
51,2022-11-06,150.0
51,2022-11-13,90.0
51,2022-11-20,195.0
51,2022-11-27,150.0
51,2022-11-30,165.0
51,2022-12-04,150.0
51,2022-12-11,165.0
51,2022-12-18,135.0
51,2022-12-25,225.0
51,2022-12-31,210.0
52,2022-01-02,150.0
52,2022-01-09,50.0
52,2022-01-16,50.0
52,2022-01-23,100.0
52,2022-01-30,50.0
52,2022-01-31,100.0
52,2022-02-13,100.0
52,2022-02-27,50.0
52,2022-02-28,150.0
52,2022-03-06,150.0
52,2022-03-13,150.0
52,2022-03-27,50.0
52,2022-03-31,50.0
52,2022-04-03,500.0
52,2022-04-10,150.0
52,2022-04-17,125.0
52,2022-04-24,200.0
52,2022-04-30,400.0
52,2022-05-01,150.0
52,2022-05-08,125.0
52,2022-05-15,150.0
52,2022-05-22,125.0
52,2022-05-29,125.0
52,2022-05-31,50.0
52,2022-06-05,50.0
52,2022-06-12,100.0
52,2022-06-19,150.0
52,2022-06-26,150.0
52,2022-06-30,100.0
52,2022-07-03,100.0
52,2022-07-17,50.0
52,2022-07-31,50.0
52,2022-08-07,100.0
52,2022-08-14,150.0
52,2022-08-21,150.0
52,2022-08-28,50.0
52,2022-08-31,200.0
52,2022-09-04,200.0
52,2022-09-11,150.0
52,2022-09-18,150.0
52,2022-09-25,50.0
52,2022-09-30,250.0
52,2022-10-02,1425.0
52,2022-10-09,975.0
52,2022-10-16,1150.0
52,2022-10-23,1325.0
52,2022-10-30,1375.0
52,2022-10-31,1100.0
52,2022-11-06,325.0
52,2022-11-13,250.0
52,2022-11-20,275.0
52,2022-11-27,175.0
52,2022-11-30,175.0
52,2022-12-04,150.0
52,2022-12-11,200.0
52,2022-12-18,100.0
52,2022-12-25,50.0
52,2022-12-31,200.0
53,2022-01-16,30.0
53,2022-01-23,60.0
53,2022-01-30,30.0
53,2022-01-31,90.0
53,2022-02-06,90.0
53,2022-02-13,60.0
53,2022-02-20,90.0
53,2022-02-27,30.0
53,2022-02-28,30.0
53,2022-03-06,120.0
53,2022-03-13,30.0
53,2022-03-20,90.0
53,2022-03-27,60.0
53,2022-03-31,30.0
53,2022-04-03,60.0
53,2022-04-17,90.0
53,2022-04-24,30.0
53,2022-04-30,90.0
53,2022-05-08,90.0
53,2022-05-22,90.0
53,2022-05-29,30.0
53,2022-05-31,150.0
53,2022-06-05,30.0
53,2022-06-12,60.0
53,2022-06-19,60.0
53,2022-06-30,60.0
53,2022-07-03,60.0
53,2022-07-10,120.0
53,2022-07-17,60.0
53,2022-07-24,30.0
53,2022-07-31,60.0
53,2022-08-07,60.0
53,2022-08-21,60.0
53,2022-08-28,30.0
53,2022-08-31,60.0
53,2022-09-04,30.0
53,2022-09-18,120.0
53,2022-09-25,60.0
53,2022-09-30,90.0
53,2022-10-02,30.0
53,2022-10-09,120.0
53,2022-10-16,90.0
53,2022-10-23,30.0
53,2022-10-30,30.0
53,2022-10-31,30.0
53,2022-11-06,60.0
53,2022-11-13,30.0
53,2022-11-20,120.0
53,2022-11-27,60.0
53,2022-11-30,120.0
53,2022-12-04,240.0
53,2022-12-11,180.0
53,2022-12-18,150.0
53,2022-12-25,180.0
53,2022-12-31,60.0
54,2022-01-02,1800.0
54,2022-01-09,1900.0
54,2022-01-16,2250.0
54,2022-01-23,2000.0
54,2022-01-30,1850.0
54,2022-01-31,1500.0
54,2022-02-06,2200.0
54,2022-02-13,2650.0
54,2022-02-20,1533.3333333333333
54,2022-02-27,1566.6666666666667
54,2022-02-28,2500.0
54,2022-03-06,2300.0
54,2022-03-13,2150.0
54,2022-03-20,2500.0
54,2022-03-27,2300.0
54,2022-03-31,2250.0
54,2022-04-03,2500.0
54,2022-04-10,3250.0
54,2022-04-17,2300.0
54,2022-04-24,1833.3333333333333
54,2022-04-30,2500.0
54,2022-05-01,2700.0
54,2022-05-08,2350.0
54,2022-05-15,2600.0
54,2022-05-22,2300.0
54,2022-05-29,3100.0
54,2022-05-31,2550.0
54,2022-06-05,2600.0
54,2022-06-12,3150.0
54,2022-06-19,1500.0
54,2022-06-26,1900.0
54,2022-06-30,3000.0
54,2022-07-03,2750.0
54,2022-07-10,3150.0
54,2022-07-17,2950.0
54,2022-07-24,3200.0
54,2022-07-31,2850.0
54,2022-08-07,3350.0
54,2022-08-14,2950.0
54,2022-08-21,2600.0
54,2022-08-28,1900.0
54,2022-08-31,2700.0
54,2022-09-04,3100.0
54,2022-09-11,3200.0
54,2022-09-18,3050.0
54,2022-09-25,2000.0
54,2022-09-30,2333.3333333333335
54,2022-10-02,3250.0
54,2022-10-09,2750.0
54,2022-10-16,3000.0
54,2022-10-23,3300.0
54,2022-10-30,2650.0
54,2022-10-31,2600.0
54,2022-11-06,2250.0
54,2022-11-13,2500.0
54,2022-11-20,3200.0
54,2022-11-27,2550.0
54,2022-11-30,3000.0
54,2022-12-04,2466.6666666666665
54,2022-12-11,3033.3333333333335
54,2022-12-18,2566.6666666666665
54,2022-12-25,3950.0
54,2022-12-31,2766.6666666666665
55,2022-01-02,1037.5
55,2022-01-09,1087.5
55,2022-01-16,1437.5
55,2022-01-23,1125.0
55,2022-01-30,937.5
55,2022-01-31,1250.0
55,2022-02-06,1700.0
55,2022-02-13,1450.0
55,2022-02-20,1300.0
55,2022-02-27,1412.5
55,2022-02-28,1337.5
55,2022-03-06,1787.5
55,2022-03-13,1337.5
55,2022-03-20,1966.6666666666667
55,2022-03-27,1312.5
55,2022-03-31,1462.5
55,2022-04-03,1575.0
55,2022-04-10,1212.5
55,2022-04-17,1662.5
55,2022-04-24,1175.0
55,2022-04-30,1625.0
55,2022-05-01,1787.5
55,2022-05-08,1687.5
55,2022-05-15,1612.5
55,2022-05-22,1337.5
55,2022-05-29,1762.5
55,2022-05-31,1187.5
55,2022-06-05,1437.5
55,2022-06-12,1375.0
55,2022-06-19,1212.5
55,2022-06-26,1037.5
55,2022-06-30,1250.0
55,2022-07-03,1350.0
55,2022-07-10,1700.0
55,2022-07-17,1737.5
55,2022-07-24,1933.3333333333333
55,2022-07-31,1187.5
55,2022-08-07,1450.0
55,2022-08-14,1712.5
55,2022-08-21,1537.5
55,2022-08-28,1687.5
55,2022-08-31,1425.0
55,2022-09-04,1200.0
55,2022-09-11,1412.5
55,2022-09-18,1287.5
55,2022-09-25,1312.5
55,2022-09-30,1187.5
55,2022-10-02,1190.0
55,2022-10-09,1540.0
55,2022-10-16,1340.0
55,2022-10-23,1370.0
55,2022-10-30,1500.0
55,2022-10-31,1350.0
55,2022-11-06,1200.0
55,2022-11-13,1120.0
55,2022-11-20,1310.0
55,2022-11-27,1340.0
55,2022-11-30,1340.0
55,2022-12-04,1437.5
55,2022-12-11,1800.0
55,2022-12-18,1675.0
55,2022-12-25,1887.5
55,2022-12-31,1750.0
56,2022-01-02,10.0
56,2022-01-09,17.5
56,2022-01-16,12.5
56,2022-01-23,15.0
56,2022-01-30,5.0
56,2022-01-31,12.5
56,2022-02-06,10.0
56,2022-02-13,15.0
56,2022-02-20,7.5
56,2022-02-27,10.0
56,2022-02-28,10.0
56,2022-03-06,15.0
56,2022-03-13,5.0
56,2022-03-20,5.0
56,2022-03-27,20.0
56,2022-03-31,7.5
56,2022-04-03,15.0
56,2022-04-10,25.0
56,2022-04-17,20.0
56,2022-04-24,25.0
56,2022-04-30,25.0
56,2022-05-01,30.0
56,2022-05-08,17.5
56,2022-05-15,5.0
56,2022-05-22,25.0
56,2022-05-29,15.0
56,2022-05-31,20.0
56,2022-06-05,20.0
56,2022-06-12,12.5
56,2022-06-19,5.0
56,2022-06-26,22.5
56,2022-06-30,15.0
56,2022-07-03,15.0
56,2022-07-10,10.0
56,2022-07-17,10.0
56,2022-07-24,30.0
56,2022-07-31,17.5
56,2022-08-07,12.5
56,2022-08-14,17.5
56,2022-08-21,20.0
56,2022-08-28,25.0
56,2022-08-31,17.5
56,2022-09-04,13.333333333333334
56,2022-09-11,5.0
56,2022-09-18,6.666666666666667
56,2022-09-25,11.666666666666666
56,2022-09-30,21.666666666666668
56,2022-10-02,10.0
56,2022-10-09,15.0
56,2022-10-16,10.0
56,2022-10-23,15.0
56,2022-10-30,17.5
56,2022-10-31,12.5
56,2022-11-06,17.5
56,2022-11-13,15.0
56,2022-11-20,10.0
56,2022-11-27,13.333333333333334
56,2022-11-30,17.5
56,2022-12-04,25.0
56,2022-12-11,7.5
56,2022-12-18,7.5
56,2022-12-25,11.666666666666666
56,2022-12-31,20.0
59,2022-01-02,66370.83333333333
59,2022-01-09,79890.90909090909
59,2022-01-16,66416.66666666667
59,2022-01-23,42811.53846153846
59,2022-01-30,59461.53846153846
59,2022-01-31,43568.181818181816
59,2022-02-06,80175.0
59,2022-02-13,62145.454545454544
59,2022-02-20,51527.27272727273
59,2022-02-27,76833.33333333333
59,2022-02-28,67234.61538461539
59,2022-03-06,50866.666666666664
59,2022-03-13,56503.846153846156
59,2022-03-20,51066.666666666664
59,2022-03-27,50300.0
59,2022-03-31,68357.69230769231
59,2022-04-03,57696.666666666664
59,2022-04-10,75333.33333333333
59,2022-04-17,36375.0
59,2022-04-24,55200.0
59,2022-04-30,52746.42857142857
59,2022-05-01,77230.0
59,2022-05-08,58872.72727272727
59,2022-05-15,65745.45454545454
59,2022-05-22,88245.45454545454
59,2022-05-29,99168.18181818182
59,2022-05-31,108446.15384615384
59,2022-06-05,60560.0
59,2022-06-12,36812.5
59,2022-06-19,57589.28571428572
59,2022-06-26,74488.46153846153
59,2022-06-30,80363.63636363637
59,2022-07-03,73650.0
59,2022-07-10,68220.83333333333
59,2022-07-17,67904.16666666667
59,2022-07-24,105807.69230769231
59,2022-07-31,74519.23076923077
59,2022-08-07,69130.76923076923
59,2022-08-14,64120.833333333336
59,2022-08-21,60429.166666666664
59,2022-08-28,57678.57142857143
59,2022-08-31,57700.0
59,2022-09-04,60075.0
59,2022-09-11,76213.63636363637
59,2022-09-18,90291.66666666667
59,2022-09-25,99538.46153846153
59,2022-09-30,46300.0
59,2022-10-02,63800.0
59,2022-10-09,79958.33333333333
59,2022-10-16,71592.30769230769
59,2022-10-23,80203.84615384616
59,2022-10-30,52169.230769230766
59,2022-10-31,84395.45454545454
59,2022-11-06,50234.61538461538
59,2022-11-13,58615.38461538462
59,2022-11-20,90968.18181818182
59,2022-11-27,80304.16666666667
59,2022-11-30,64491.666666666664
59,2022-12-04,88666.66666666667
59,2022-12-11,76196.15384615384
59,2022-12-18,76153.84615384616
59,2022-12-25,69739.28571428571
59,2022-12-31,87865.38461538461
62,2022-01-02,37.5
62,2022-01-09,31.25
62,2022-01-16,25.0
62,2022-01-23,27.5
62,2022-01-30,32.5
62,2022-01-31,36.666666666666664
62,2022-02-06,35.0
62,2022-02-13,23.333333333333332
62,2022-02-20,31.666666666666668
62,2022-02-27,40.0
62,2022-02-28,33.333333333333336
62,2022-03-06,56.666666666666664
62,2022-03-13,65.0
62,2022-03-20,36.25
62,2022-03-27,62.5
62,2022-03-31,58.333333333333336
62,2022-04-03,60.0
62,2022-04-10,45.0
62,2022-04-17,56.666666666666664
62,2022-04-24,53.333333333333336
62,2022-04-30,30.0
62,2022-05-01,57.5
62,2022-05-08,42.5
62,2022-05-15,65.0
62,2022-05-22,47.5
62,2022-05-29,42.5
62,2022-05-31,48.333333333333336
62,2022-06-05,30.0
62,2022-06-12,61.666666666666664
62,2022-06-19,75.0
62,2022-06-26,58.333333333333336
62,2022-06-30,55.0
62,2022-07-03,33.333333333333336
62,2022-07-10,43.333333333333336
62,2022-07-17,45.0
62,2022-07-24,70.0
62,2022-07-31,80.0
62,2022-08-07,51.666666666666664
62,2022-08-14,53.333333333333336
62,2022-08-21,58.333333333333336
62,2022-08-28,38.333333333333336
62,2022-08-31,46.666666666666664
62,2022-09-04,38.0
62,2022-09-11,39.0
62,2022-09-18,40.0
62,2022-09-25,36.0
62,2022-09-30,32.0
62,2022-10-02,31.25
62,2022-10-09,25.0
62,2022-10-16,23.0
62,2022-10-23,26.0
62,2022-10-30,46.25
62,2022-10-31,46.25
62,2022-11-06,38.0
62,2022-11-13,58.75
62,2022-11-20,41.25
62,2022-11-27,27.5
62,2022-11-30,40.0
62,2022-12-04,38.0
62,2022-12-11,29.0
62,2022-12-18,44.0
62,2022-12-25,42.5
62,2022-12-31,53.75
65,2022-05-15,60.0
65,2022-07-03,30.0
65,2022-07-24,30.0
65,2022-08-31,30.0
65,2022-09-11,30.0
65,2022-09-18,30.0
65,2022-09-25,60.0
65,2022-09-30,30.0
65,2022-10-16,60.0
65,2022-10-23,60.0
65,2022-10-31,60.0
65,2022-11-13,30.0
65,2022-11-20,30.0
65,2022-11-27,30.0
65,2022-12-04,30.0
65,2022-12-31,30.0
66,2022-01-02,9589.036666666667
66,2022-01-09,8604.503333333332
66,2022-01-16,6104.523999999999
66,2022-01-23,4254.086
66,2022-01-30,8215.942500000001
66,2022-01-31,7570.3675
66,2022-02-06,5177.4125
66,2022-02-13,8363.996666666668
66,2022-02-20,8059.846666666665
66,2022-02-27,8424.113333333333
66,2022-02-28,7803.866666666666
66,2022-03-06,9271.183333333334
66,2022-03-13,6245.486666666667
66,2022-03-20,7924.126666666667
66,2022-03-27,7699.073333333334
66,2022-03-31,10571.813333333334
66,2022-04-03,6730.1725
66,2022-04-10,6277.905
66,2022-04-17,11085.543333333333
66,2022-04-24,8697.323333333334
66,2022-04-30,7864.157499999999
66,2022-05-01,11389.686666666666
66,2022-05-08,9664.64
66,2022-05-15,7908.653333333333
66,2022-05-22,9090.786666666667
66,2022-05-29,10375.956666666667
66,2022-05-31,9135.443333333333
66,2022-06-05,7168.133333333334
66,2022-06-12,5853.78
66,2022-06-19,6413.903333333333
66,2022-06-26,10238.48
66,2022-06-30,8197.316666666666
66,2022-07-03,8484.25
66,2022-07-10,9436.086666666666
66,2022-07-17,10736.723333333333
66,2022-07-24,7501.473333333332
66,2022-07-31,9573.563333333334
66,2022-08-07,9451.553333333333
66,2022-08-14,5199.305
66,2022-08-21,6791.899999999999
66,2022-08-28,7530.663333333334
66,2022-08-31,8649.16
66,2022-09-04,7367.490000000001
66,2022-09-11,8530.656666666668
66,2022-09-18,8650.923333333334
66,2022-09-25,8363.996666666668
66,2022-09-30,8877.713333333333
66,2022-10-02,8833.05
66,2022-10-09,7955.066666666667
66,2022-10-16,11387.936666666666
66,2022-10-23,9875.97
66,2022-10-30,5982.8075
66,2022-10-31,7063.353333333333
66,2022-11-06,9209.289999999999
66,2022-11-13,9573.563333333334
66,2022-11-20,9090.793333333333
66,2022-11-27,9028.906666666666
66,2022-11-30,10374.206666666667
66,2022-12-04,8786.65
66,2022-12-11,9269.426666666666
66,2022-12-18,13822.543333333333
66,2022-12-25,12717.763333333334
66,2022-12-31,10044.38
67,2022-01-02,63541.666666666664
67,2022-01-09,70300.0
67,2022-01-16,54414.28571428572
67,2022-01-23,37328.57142857143
67,2022-01-30,45237.5
67,2022-01-31,31592.85714285714
67,2022-02-06,92300.0
67,2022-02-13,46171.42857142857
67,2022-02-20,37492.857142857145
67,2022-02-27,63078.57142857143
67,2022-02-28,60314.28571428572
67,2022-03-06,35393.75
67,2022-03-13,42856.25
67,2022-03-20,35318.75
67,2022-03-27,37725.0
67,2022-03-31,52693.75
67,2022-04-03,57492.857142857145
67,2022-04-10,52875.0
67,2022-04-17,24850.0
67,2022-04-24,47800.0
67,2022-04-30,42893.75
67,2022-05-01,72340.0
67,2022-05-08,43221.42857142857
67,2022-05-15,68400.0
67,2022-05-22,65964.28571428571
67,2022-05-29,87016.66666666667
67,2022-05-31,113766.66666666667
67,2022-06-05,40364.28571428572
67,2022-06-12,33675.0
67,2022-06-19,54614.28571428572
67,2022-06-26,92430.0
67,2022-06-30,60314.28571428572
67,2022-07-03,54564.28571428572
67,2022-07-10,54664.28571428572
67,2022-07-17,47706.25
67,2022-07-24,94692.85714285714
67,2022-07-31,65985.71428571429
67,2022-08-07,60314.28571428572
67,2022-08-14,72500.0
67,2022-08-21,42825.0
67,2022-08-28,47762.5
67,2022-08-31,45971.42857142857
67,2022-09-04,48892.857142857145
67,2022-09-11,67016.66666666667
67,2022-09-18,74628.57142857143
67,2022-09-25,103650.0
67,2022-09-30,47008.333333333336
67,2022-10-02,51692.857142857145
67,2022-10-09,65957.14285714286
67,2022-10-16,63285.71428571428
67,2022-10-23,71650.0
67,2022-10-30,40150.0
67,2022-10-31,55293.75
67,2022-11-06,37787.5
67,2022-11-13,72340.0
67,2022-11-20,96300.0
67,2022-11-27,65971.42857142857
67,2022-11-30,51771.42857142857
67,2022-12-04,71864.28571428571
67,2022-12-11,66350.0
67,2022-12-18,66221.42857142857
67,2022-12-25,92730.0
67,2022-12-31,77592.85714285714
69,2022-01-02,38.91777777777778
69,2022-01-09,45.02125
69,2022-01-16,33.77375
69,2022-01-23,31.84
69,2022-01-30,32.023
69,2022-01-31,38.031
69,2022-02-06,45.034
69,2022-02-13,52.25
69,2022-02-20,48.7775
69,2022-02-27,53.364444444444445
69,2022-02-28,36.70333333333333
69,2022-03-06,47.53625
69,2022-03-13,46.692499999999995
69,2022-03-20,51.28375
69,2022-03-27,46.39636363636364
69,2022-03-31,56.28125
69,2022-04-03,61.14444444444444
69,2022-04-10,62.25777777777778
69,2022-04-17,58.78625
69,2022-04-24,56.70777777777778
69,2022-04-30,52.75818181818182
69,2022-05-01,63.37222222222223
69,2022-05-08,55.59
69,2022-05-15,72.53625
69,2022-05-22,48.93
69,2022-05-29,56.037
69,2022-05-31,78.60857142857142
69,2022-06-05,40.028888888888886
69,2022-06-12,44.32142857142857
69,2022-06-19,51.15222222222222
69,2022-06-26,24.028
69,2022-06-30,48.61
69,2022-07-03,51.13666666666667
69,2022-07-10,51.27875
69,2022-07-17,36.70111111111111
69,2022-07-24,52.039
69,2022-07-31,40.04555555555556
69,2022-08-07,68.91444444444444
69,2022-08-14,57.5325
69,2022-08-21,65.042
69,2022-08-28,64.47
69,2022-08-31,54.032000000000004
69,2022-09-04,28.371666666666666
69,2022-09-11,42.75909090909091
69,2022-09-18,37.723076923076924
69,2022-09-25,39.12909090909091
69,2022-09-30,39.19416666666667
69,2022-10-02,46.06
69,2022-10-09,47.31545454545455
69,2022-10-16,36.96846153846154
69,2022-10-23,45.8825
69,2022-10-30,36.718333333333334
69,2022-10-31,34.21333333333333
69,2022-11-06,30.02642857142857
69,2022-11-13,29.2
69,2022-11-20,42.75818181818182
69,2022-11-27,28.358333333333334
69,2022-11-30,35.86333333333334
69,2022-12-04,42.34384615384616
69,2022-12-11,37.723076923076924
69,2022-12-18,55.875
69,2022-12-25,70.03099999999999
69,2022-12-31,48.223636363636366
70,2022-01-02,85.0
70,2022-01-09,75.0
70,2022-01-16,66.66666666666667
70,2022-01-23,66.66666666666667
70,2022-01-30,40.0
70,2022-01-31,76.66666666666667
70,2022-02-06,95.0
70,2022-02-13,60.0
70,2022-02-20,145.0
70,2022-02-27,33.333333333333336
70,2022-02-28,73.33333333333333
70,2022-03-06,110.0
70,2022-03-13,93.33333333333333
70,2022-03-20,115.0
70,2022-03-27,43.333333333333336
70,2022-03-31,60.0
70,2022-04-03,173.33333333333334
70,2022-04-10,165.0
70,2022-04-17,140.0
70,2022-04-24,123.33333333333333
70,2022-04-30,170.0
70,2022-05-01,95.0
70,2022-05-08,120.0
70,2022-05-15,135.0
70,2022-05-22,106.66666666666667
70,2022-05-29,106.66666666666667
70,2022-05-31,126.66666666666667
70,2022-06-05,80.0
70,2022-06-12,73.33333333333333
70,2022-06-19,96.66666666666667
70,2022-06-26,95.0
70,2022-06-30,120.0
70,2022-07-03,73.33333333333333
70,2022-07-10,140.0
70,2022-07-17,90.0
70,2022-07-24,125.0
70,2022-07-31,63.333333333333336
70,2022-08-07,60.0
70,2022-08-14,85.0
70,2022-08-21,90.0
70,2022-08-28,60.0
70,2022-08-31,86.66666666666667
70,2022-09-04,83.33333333333333
70,2022-09-11,95.0
70,2022-09-18,96.66666666666667
70,2022-09-25,56.666666666666664
70,2022-09-30,86.66666666666667
70,2022-10-02,40.0
70,2022-10-09,96.66666666666667
70,2022-10-16,110.0
70,2022-10-23,40.0
70,2022-10-30,26.666666666666668
70,2022-10-31,56.666666666666664
70,2022-11-06,96.66666666666667
70,2022-11-13,56.666666666666664
70,2022-11-20,136.66666666666666
70,2022-11-27,90.0
70,2022-11-30,116.66666666666667
70,2022-12-04,156.66666666666666
70,2022-12-11,146.66666666666666
70,2022-12-18,116.66666666666667
70,2022-12-25,163.33333333333334
70,2022-12-31,126.66666666666667
71,2022-01-02,152.5
71,2022-01-09,195.0
71,2022-01-16,210.0
71,2022-01-23,195.0
71,2022-01-30,122.5
71,2022-01-31,147.5
71,2022-02-06,165.0
71,2022-02-13,175.0
71,2022-02-20,240.0
71,2022-02-27,167.5
71,2022-02-28,225.0
71,2022-03-06,122.5
71,2022-03-13,192.5
71,2022-03-20,150.0
71,2022-03-27,125.0
71,2022-03-31,210.0
71,2022-04-03,135.0
71,2022-04-10,130.0
71,2022-04-17,122.5
71,2022-04-24,130.0
71,2022-04-30,90.0
71,2022-05-01,165.0
71,2022-05-08,100.0
71,2022-05-15,152.5
71,2022-05-22,195.0
71,2022-05-29,157.5
71,2022-05-31,115.0
71,2022-06-05,300.0
71,2022-06-12,120.0
71,2022-06-19,217.5
71,2022-06-26,100.0
71,2022-06-30,130.0
71,2022-07-03,225.0
71,2022-07-10,152.5
71,2022-07-17,270.0
71,2022-07-24,195.0
71,2022-07-31,240.0
71,2022-08-07,145.0
71,2022-08-14,137.5
71,2022-08-21,182.5
71,2022-08-28,285.0
71,2022-08-31,190.0
71,2022-09-04,160.0
71,2022-09-11,130.0
71,2022-09-18,247.5
71,2022-09-25,130.0
71,2022-09-30,300.0
71,2022-10-02,130.0
71,2022-10-09,137.5
71,2022-10-16,375.0
71,2022-10-23,255.0
71,2022-10-30,145.0
71,2022-10-31,225.0
71,2022-11-06,100.0
71,2022-11-13,145.0
71,2022-11-20,165.0
71,2022-11-27,135.0
71,2022-11-30,180.0
71,2022-12-04,172.5
71,2022-12-11,300.0
71,2022-12-18,195.0
71,2022-12-25,137.5
71,2022-12-31,285.0
72,2022-01-02,5.0
72,2022-01-09,4.5
72,2022-01-16,1.6666666666666667
72,2022-01-23,3.6666666666666665
72,2022-01-30,2.0
72,2022-01-31,5.0
72,2022-02-06,4.333333333333333
72,2022-02-13,2.3333333333333335
72,2022-02-20,4.333333333333333
72,2022-02-27,4.0
72,2022-02-28,4.0
72,2022-03-06,4.0
72,2022-03-13,3.0
72,2022-03-20,4.0
72,2022-03-27,2.6666666666666665
72,2022-03-31,2.3333333333333335
72,2022-04-03,3.3333333333333335
72,2022-04-10,5.0
72,2022-04-17,4.666666666666667
72,2022-04-24,1.5
72,2022-04-30,5.0
72,2022-05-01,7.5
72,2022-05-08,5.0
72,2022-05-15,5.0
72,2022-05-22,2.0
72,2022-05-29,5.0
72,2022-05-31,4.666666666666667
72,2022-06-05,4.0
72,2022-06-12,3.6666666666666665
72,2022-06-19,3.0
72,2022-06-26,1.5
72,2022-06-30,5.0
72,2022-07-03,3.6666666666666665
72,2022-07-10,3.3333333333333335
72,2022-07-17,2.6666666666666665
72,2022-07-24,4.666666666666667
72,2022-07-31,2.3333333333333335
72,2022-08-07,4.333333333333333
72,2022-08-14,4.0
72,2022-08-21,3.6666666666666665
72,2022-08-28,3.0
72,2022-08-31,3.3333333333333335
72,2022-09-04,3.0
72,2022-09-11,3.5
72,2022-09-18,2.6666666666666665
72,2022-09-25,2.3333333333333335
72,2022-09-30,4.0
72,2022-10-02,1.0
72,2022-10-09,3.3333333333333335
72,2022-10-16,2.5
72,2022-10-23,1.6666666666666667
72,2022-10-30,3.0
72,2022-10-31,1.6666666666666667
72,2022-11-06,3.0
72,2022-11-13,2.3333333333333335
72,2022-11-20,3.0
72,2022-11-27,2.0
72,2022-11-30,3.0
72,2022-12-04,6.5
72,2022-12-11,3.5
72,2022-12-18,2.3333333333333335
72,2022-12-25,2.6666666666666665
72,2022-12-31,2.3333333333333335
73,2022-01-02,26.0
73,2022-01-09,22.0
73,2022-01-16,32.0
73,2022-01-23,32.0
73,2022-01-30,20.0
73,2022-01-31,26.0
73,2022-02-06,18.0
73,2022-02-13,42.0
73,2022-02-20,36.0
73,2022-02-27,32.0
73,2022-02-28,28.0
73,2022-03-06,38.0
73,2022-03-13,30.0
73,2022-03-20,30.0
73,2022-03-27,40.0
73,2022-03-31,46.0
73,2022-04-03,21.0
73,2022-04-10,24.0
73,2022-04-17,30.0
73,2022-04-24,38.0
73,2022-04-30,34.0
73,2022-05-01,44.0
73,2022-05-08,28.0
73,2022-05-15,50.0
73,2022-05-22,30.0
73,2022-05-29,42.0
73,2022-05-31,40.0
73,2022-06-05,32.0
73,2022-06-12,40.0
73,2022-06-19,26.0
73,2022-06-26,22.0
73,2022-06-30,38.0
73,2022-07-03,22.0
73,2022-07-10,28.0
73,2022-07-17,28.0
73,2022-07-24,26.0
73,2022-07-31,16.5
73,2022-08-07,42.0
73,2022-08-14,42.0
73,2022-08-21,36.0
73,2022-08-28,50.0
73,2022-08-31,40.0
73,2022-09-04,28.0
73,2022-09-11,28.0
73,2022-09-18,56.0
73,2022-09-25,32.0
73,2022-09-30,28.0
73,2022-10-02,32.0
73,2022-10-09,46.0
73,2022-10-16,30.0
73,2022-10-23,44.0
73,2022-10-30,28.0
73,2022-10-31,22.0
73,2022-11-06,44.0
73,2022-11-13,26.0
73,2022-11-20,42.0
73,2022-11-27,40.0
73,2022-11-30,46.0
73,2022-12-04,62.0
73,2022-12-11,50.0
73,2022-12-18,70.0
73,2022-12-25,20.0
73,2022-12-31,68.0
75,2022-01-02,227.0
75,2022-01-09,339.0
75,2022-01-16,313.0
75,2022-01-23,301.5
75,2022-01-30,301.0
75,2022-01-31,227.25
75,2022-02-06,353.0
75,2022-02-13,417.6666666666667
75,2022-02-20,327.25
75,2022-02-27,401.75
75,2022-02-28,402.25
75,2022-03-06,314.0
75,2022-03-13,364.25
75,2022-03-20,351.25
75,2022-03-27,251.0
75,2022-03-31,226.25
75,2022-04-03,401.75
75,2022-04-10,614.0
75,2022-04-17,414.5
75,2022-04-24,484.0
75,2022-04-30,291.4
75,2022-05-01,486.6666666666667
75,2022-05-08,390.0
75,2022-05-15,651.6666666666666
75,2022-05-22,412.75
75,2022-05-29,342.0
75,2022-05-31,364.0
75,2022-06-05,352.0
75,2022-06-12,552.0
75,2022-06-19,238.5
75,2022-06-26,270.2
75,2022-06-30,502.0
75,2022-07-03,418.6666666666667
75,2022-07-10,450.6
75,2022-07-17,325.75
75,2022-07-24,411.4
75,2022-07-31,300.5
75,2022-08-07,414.75
75,2022-08-14,418.3333333333333
75,2022-08-21,461.0
75,2022-08-28,384.1666666666667
75,2022-08-31,626.25
75,2022-09-04,700.0
75,2022-09-11,518.6666666666666
75,2022-09-18,575.5
75,2022-09-25,325.75
75,2022-09-30,702.5
75,2022-10-02,550.3333333333334
75,2022-10-09,400.25
75,2022-10-16,583.3333333333334
75,2022-10-23,433.6666666666667
75,2022-10-30,513.0
75,2022-10-31,325.5
75,2022-11-06,400.0
75,2022-11-13,600.5
75,2022-11-20,650.0
75,2022-11-27,488.0
75,2022-11-30,533.6666666666666
75,2022-12-04,483.3333333333333
75,2022-12-11,733.3333333333334
75,2022-12-18,612.75
75,2022-12-25,483.6666666666667
75,2022-12-31,437.75
76,2022-01-02,0.4183333333333333
76,2022-01-09,0.38666666666666666
76,2022-01-16,0.37333333333333335
76,2022-01-23,0.37833333333333335
76,2022-01-30,0.3557142857142857
76,2022-01-31,0.2385714285714286
76,2022-02-06,0.30428571428571427
76,2022-02-13,0.33285714285714285
76,2022-02-20,0.3
76,2022-02-27,0.4642857142857143
76,2022-02-28,0.4366666666666667
76,2022-03-06,0.49499999999999994
76,2022-03-13,0.42
76,2022-03-20,0.33285714285714285
76,2022-03-27,0.4042857142857143
76,2022-03-31,0.5616666666666666
76,2022-04-03,0.39666666666666667
76,2022-04-10,0.5416666666666666
76,2022-04-17,0.54
76,2022-04-24,0.58
76,2022-04-30,0.4583333333333333
76,2022-05-01,0.5642857142857143
76,2022-05-08,0.5483333333333333
76,2022-05-15,0.48857142857142855
76,2022-05-22,0.5183333333333333
76,2022-05-29,0.4785714285714286
76,2022-05-31,0.5750000000000001
76,2022-06-05,0.38333333333333336
76,2022-06-12,0.4816666666666667
76,2022-06-19,0.48428571428571426
76,2022-06-26,0.35571428571428576
76,2022-06-30,0.45
76,2022-07-03,0.3614285714285714
76,2022-07-10,0.5
76,2022-07-17,0.565
76,2022-07-24,0.5557142857142857
76,2022-07-31,0.422
76,2022-08-07,0.48142857142857143
76,2022-08-14,0.6583333333333333
76,2022-08-21,0.4714285714285714
76,2022-08-28,0.4757142857142857
76,2022-08-31,0.39999999999999997
76,2022-09-04,0.3914285714285714
76,2022-09-11,0.5671428571428572
76,2022-09-18,0.41125
76,2022-09-25,0.35000000000000003
76,2022-09-30,0.39
76,2022-10-02,0.4614285714285714
76,2022-10-09,0.37285714285714283
76,2022-10-16,0.38
76,2022-10-23,0.4125
76,2022-10-30,0.38375000000000004
76,2022-10-31,0.3877777777777778
76,2022-11-06,0.46625
76,2022-11-13,0.4725
76,2022-11-20,0.38555555555555554
76,2022-11-27,0.25666666666666665
76,2022-11-30,0.395
76,2022-12-04,0.38625
76,2022-12-11,0.42
76,2022-12-18,0.5671428571428571
76,2022-12-25,0.6833333333333332
76,2022-12-31,0.5228571428571428
77,2022-01-02,4200.0
77,2022-01-09,1800.0
77,2022-01-16,3300.0
77,2022-01-23,3000.0
77,2022-01-30,5700.0
77,2022-01-31,3300.0
77,2022-02-06,3300.0
77,2022-02-13,3600.0
77,2022-02-20,2700.0
77,2022-02-27,3000.0
77,2022-02-28,5700.0
77,2022-03-06,2700.0
77,2022-03-13,2700.0
77,2022-03-20,3000.0
77,2022-03-27,1800.0
77,2022-03-31,2400.0
77,2022-04-03,5400.0
77,2022-04-10,5400.0
77,2022-04-17,5400.0
77,2022-04-24,3900.0
77,2022-04-30,4800.0
77,2022-05-01,4500.0
77,2022-05-08,5400.0
77,2022-05-15,5400.0
77,2022-05-22,6300.0
77,2022-05-29,6000.0
77,2022-05-31,4800.0
77,2022-06-05,3900.0
77,2022-06-12,3300.0
77,2022-06-19,4500.0
77,2022-06-26,3900.0
77,2022-06-30,3900.0
77,2022-07-03,5700.0
77,2022-07-10,3000.0
77,2022-07-17,6900.0
77,2022-07-24,5700.0
77,2022-07-31,4200.0
77,2022-08-07,2700.0
77,2022-08-14,4500.0
77,2022-08-21,5700.0
77,2022-08-28,4800.0
77,2022-08-31,8700.0
77,2022-09-04,3300.0
77,2022-09-11,4800.0
77,2022-09-18,5100.0
77,2022-09-25,3900.0
77,2022-09-30,4200.0
77,2022-10-02,6300.0
77,2022-10-09,4200.0
77,2022-10-16,5100.0
77,2022-10-23,7500.0
77,2022-10-30,4200.0
77,2022-10-31,3000.0
77,2022-11-06,6600.0
77,2022-11-13,5700.0
77,2022-11-20,6300.0
77,2022-11-27,3600.0
77,2022-11-30,4800.0
77,2022-12-04,6900.0
77,2022-12-11,5400.0
77,2022-12-18,6300.0
77,2022-12-25,6000.0
77,2022-12-31,5100.0
78,2022-01-02,850.0
78,2022-01-09,566.6666666666666
78,2022-01-16,510.0
78,2022-01-23,520.0
78,2022-01-30,520.0
78,2022-01-31,482.5
78,2022-02-06,545.0
78,2022-02-13,633.3333333333334
78,2022-02-20,750.0
78,2022-02-27,550.0
78,2022-02-28,633.3333333333334
78,2022-03-06,700.0
78,2022-03-13,883.3333333333334
78,2022-03-20,933.3333333333334
78,2022-03-27,1250.0
78,2022-03-31,883.3333333333334
78,2022-04-03,857.5
78,2022-04-10,820.0
78,2022-04-17,1100.0
78,2022-04-24,966.6666666666666
78,2022-04-30,600.0
78,2022-05-01,1283.3333333333333
78,2022-05-08,850.0
78,2022-05-15,677.5
78,2022-05-22,1283.3333333333333
78,2022-05-29,1250.0
78,2022-05-31,916.6666666666666
78,2022-06-05,833.3333333333334
78,2022-06-12,1150.0
78,2022-06-19,950.0
78,2022-06-26,816.6666666666666
78,2022-06-30,1050.0
78,2022-07-03,732.5
78,2022-07-10,866.6666666666666
78,2022-07-17,983.3333333333334
78,2022-07-24,832.5
78,2022-07-31,966.6666666666666
78,2022-08-07,883.3333333333334
78,2022-08-14,632.5
78,2022-08-21,1050.0
78,2022-08-28,616.6666666666666
78,2022-08-31,732.5
78,2022-09-04,933.3333333333334
78,2022-09-11,545.0
78,2022-09-18,620.0
78,2022-09-25,990.0
78,2022-09-30,495.0
78,2022-10-02,683.3333333333334
78,2022-10-09,433.3333333333333
78,2022-10-16,590.0
78,2022-10-23,665.0
78,2022-10-30,607.5
78,2022-10-31,577.5
78,2022-11-06,966.6666666666666
78,2022-11-13,632.5
78,2022-11-20,820.0
78,2022-11-27,645.0
78,2022-11-30,833.3333333333334
78,2022-12-04,1032.5
78,2022-12-11,816.6666666666666
78,2022-12-18,1083.3333333333333
78,2022-12-25,766.6666666666666
78,2022-12-31,957.5
81,2022-07-31,0.02
84,2022-02-27,0.01
85,2022-01-02,40.182
85,2022-01-09,41.805
85,2022-01-16,30.112000000000002
85,2022-01-23,33.461666666666666
85,2022-01-30,33.468333333333334
85,2022-01-31,8.485
85,2022-02-06,16.838333333333335
85,2022-02-13,16.868333333333332
85,2022-02-20,8.471666666666666
85,2022-02-27,66.83166666666666
85,2022-02-28,25.186666666666667
85,2022-03-06,50.22833333333333
85,2022-03-13,58.48
85,2022-03-20,25.161666666666665
85,2022-03-27,50.24
85,2022-03-31,66.83333333333333
85,2022-04-03,16.875
85,2022-04-10,25.235
85,2022-04-17,25.248333333333335
85,2022-04-24,50.22666666666667
85,2022-04-30,33.5
85,2022-05-01,66.91833333333334
85,2022-05-08,41.895
85,2022-05-15,58.501666666666665
85,2022-05-22,33.58166666666667
85,2022-05-29,25.22
85,2022-05-31,50.21
85,2022-06-05,16.866666666666667
85,2022-06-12,33.54333333333333
85,2022-06-19,58.553333333333335
85,2022-06-26,33.556666666666665
85,2022-06-30,16.853333333333335
85,2022-07-03,20.162
85,2022-07-10,41.81333333333333
85,2022-07-17,41.78333333333333
85,2022-07-24,70.216
85,2022-07-31,0.27599999999999997
85,2022-08-07,58.47833333333333
85,2022-08-14,83.52166666666666
85,2022-08-21,41.89666666666667
85,2022-08-28,58.49666666666667
85,2022-08-31,41.83166666666667
85,2022-09-04,16.871666666666666
85,2022-09-11,66.84833333333333
85,2022-09-18,41.85166666666667
85,2022-09-25,16.900000000000002
85,2022-09-30,25.191666666666666
85,2022-10-02,8.521666666666667
85,2022-10-09,8.455
85,2022-10-16,8.536666666666667
85,2022-10-23,10.181999999999999
85,2022-10-30,25.155
85,2022-10-31,50.18
85,2022-11-06,66.81
85,2022-11-13,66.83
85,2022-11-20,25.185000000000002
85,2022-11-27,10.176
85,2022-11-30,40.176
85,2022-12-04,16.87666666666667
85,2022-12-11,16.861666666666668
85,2022-12-18,50.22666666666667
85,2022-12-25,50.225
85,2022-12-31,25.278333333333332
87,2022-01-02,3.5
87,2022-01-09,4.5
87,2022-01-16,7.0
87,2022-01-23,3.5
87,2022-01-30,1.69
87,2022-01-31,3.72
87,2022-02-06,4.47
87,2022-02-13,3.72
87,2022-02-20,4.5
87,2022-02-27,3.19
87,2022-02-28,1.5
87,2022-03-06,5.5
87,2022-03-13,2.97
87,2022-03-20,3.22
87,2022-03-27,3.22
87,2022-03-31,6.0
87,2022-04-03,8.0
87,2022-04-10,4.5
87,2022-04-17,4.0
87,2022-04-24,6.0
87,2022-04-30,6.5
87,2022-05-01,2.22
87,2022-05-08,5.0
87,2022-05-15,7.0
87,2022-05-22,7.0
87,2022-05-29,4.41
87,2022-05-31,3.5
87,2022-06-05,10.0
87,2022-06-12,6.5
87,2022-06-19,1.97
87,2022-06-26,2.44
87,2022-06-30,6.0
87,2022-07-03,4.0
87,2022-07-10,5.5
87,2022-07-17,5.5
87,2022-07-24,6.0
87,2022-07-31,4.5
87,2022-08-07,3.72
87,2022-08-14,10.0
87,2022-08-21,3.41
87,2022-08-28,3.72
87,2022-08-31,3.22
87,2022-09-04,3.47
87,2022-09-11,6.5
87,2022-09-18,2.88
87,2022-09-25,5.5
87,2022-09-30,4.0
87,2022-10-02,8.0
87,2022-10-09,7.5
87,2022-10-16,5.0
87,2022-10-23,5.0
87,2022-10-30,3.22
87,2022-10-31,3.69
87,2022-11-06,4.16
87,2022-11-13,5.0
87,2022-11-20,3.97
87,2022-11-27,4.94
87,2022-11-30,3.72
87,2022-12-04,3.69
87,2022-12-11,4.97
87,2022-12-18,5.22
87,2022-12-25,10.0
87,2022-12-31,6.5
88,2022-01-02,3.5
88,2022-01-09,4.5
88,2022-01-16,7.0
88,2022-01-23,3.5
88,2022-01-30,2.5
88,2022-01-31,7.0
88,2022-02-06,8.5
88,2022-02-13,7.0
88,2022-02-20,4.5
88,2022-02-27,5.5
88,2022-02-28,1.5
88,2022-03-06,5.5
88,2022-03-13,5.5
88,2022-03-20,6.0
88,2022-03-27,6.0
88,2022-03-31,6.0
88,2022-04-03,8.0
88,2022-04-10,4.5
88,2022-04-17,4.0
88,2022-04-24,6.0
88,2022-04-30,6.5
88,2022-05-01,4.0
88,2022-05-08,5.0
88,2022-05-15,7.0
88,2022-05-22,7.0
88,2022-05-29,7.5
88,2022-05-31,3.5
88,2022-06-05,10.0
88,2022-06-12,6.5
88,2022-06-19,3.5
88,2022-06-26,4.0
88,2022-06-30,6.0
88,2022-07-03,4.0
88,2022-07-10,5.5
88,2022-07-17,5.5
88,2022-07-24,6.0
88,2022-07-31,4.5
88,2022-08-07,7.0
88,2022-08-14,10.0
88,2022-08-21,5.5
88,2022-08-28,7.0
88,2022-08-31,6.0
88,2022-09-04,6.5
88,2022-09-11,6.5
88,2022-09-18,4.0
88,2022-09-25,5.5
88,2022-09-30,4.0
88,2022-10-02,8.0
88,2022-10-09,7.5
88,2022-10-16,5.0
88,2022-10-23,5.0
88,2022-10-30,6.0
88,2022-10-31,6.5
88,2022-11-06,7.0
88,2022-11-13,5.0
88,2022-11-20,7.5
88,2022-11-27,9.0
88,2022-11-30,7.0
88,2022-12-04,6.5
88,2022-12-11,9.5
88,2022-12-18,10.0
88,2022-12-25,10.0
88,2022-12-31,6.5
89,2022-01-02,3.5
89,2022-01-09,4.5
89,2022-01-16,7.0
89,2022-01-23,3.5
89,2022-01-30,2.5
89,2022-01-31,7.0
89,2022-02-06,8.5
89,2022-02-13,7.0
89,2022-02-20,4.5
89,2022-02-27,5.5
89,2022-02-28,1.5
89,2022-03-06,5.5
89,2022-03-13,5.5
89,2022-03-20,6.0
89,2022-03-27,6.0
89,2022-03-31,6.0
89,2022-04-03,8.0
89,2022-04-10,4.5
89,2022-04-17,4.0
89,2022-04-24,6.0
89,2022-04-30,6.5
89,2022-05-01,4.0
89,2022-05-08,5.0
89,2022-05-15,7.0
89,2022-05-22,7.0
89,2022-05-29,7.5
89,2022-05-31,3.5
89,2022-06-05,10.0
89,2022-06-12,6.5
89,2022-06-19,3.5
89,2022-06-26,4.0
89,2022-06-30,6.0
89,2022-07-03,4.0
89,2022-07-10,5.5
89,2022-07-17,5.5
89,2022-07-24,6.0
89,2022-07-31,4.5
89,2022-08-07,7.0
89,2022-08-14,10.0
89,2022-08-21,5.5
89,2022-08-28,7.0
89,2022-08-31,6.0
89,2022-09-04,6.5
89,2022-09-11,6.5
89,2022-09-18,4.0
89,2022-09-25,5.5
89,2022-09-30,4.0
89,2022-10-02,8.0
89,2022-10-09,7.5
89,2022-10-16,5.0
89,2022-10-23,5.0
89,2022-10-30,6.0
89,2022-10-31,6.5
89,2022-11-06,7.0
89,2022-11-13,5.0
89,2022-11-20,7.5
89,2022-11-27,9.0
89,2022-11-30,7.0
89,2022-12-04,6.5
89,2022-12-11,9.5
89,2022-12-18,10.0
89,2022-12-25,10.0
89,2022-12-31,6.5
90,2022-01-02,0.3
90,2022-01-09,0.1
90,2022-01-16,0.1
90,2022-01-23,0.2
90,2022-01-30,0.1
90,2022-01-31,0.2
90,2022-02-13,0.2
90,2022-02-27,0.1
90,2022-02-28,0.3
90,2022-03-06,0.3
90,2022-03-13,0.3
90,2022-03-27,0.1
90,2022-03-31,0.1
90,2022-04-03,1.0
90,2022-04-10,0.3
90,2022-04-17,0.3
90,2022-04-24,0.4
90,2022-04-30,0.8
90,2022-05-01,0.3
90,2022-05-08,0.1
90,2022-05-15,0.3
90,2022-05-22,0.3
90,2022-05-29,0.3
90,2022-05-31,0.1
90,2022-06-05,0.1
90,2022-06-12,0.2
90,2022-06-19,0.3
90,2022-06-26,0.3
90,2022-06-30,0.2
90,2022-07-03,0.2
90,2022-07-17,0.1
90,2022-07-31,0.1
90,2022-08-07,0.2
90,2022-08-14,0.3
90,2022-08-21,0.3
90,2022-08-28,0.1
90,2022-08-31,0.4
90,2022-09-04,0.4
90,2022-09-11,0.3
90,2022-09-18,0.3
90,2022-09-25,0.1
90,2022-09-30,0.5
90,2022-10-02,0.1
90,2022-10-09,0.1
90,2022-10-16,0.2
90,2022-10-23,0.1
90,2022-10-30,0.1
90,2022-10-31,0.2
90,2022-11-06,0.3
90,2022-11-13,0.2
90,2022-11-20,0.3
90,2022-11-27,0.1
90,2022-11-30,0.1
90,2022-12-04,0.3
90,2022-12-11,0.4
90,2022-12-18,0.2
90,2022-12-25,0.1
90,2022-12-31,0.4
91,2022-03-06,8.0
91,2022-03-13,8.0
91,2022-03-20,4.0
91,2022-03-27,12.0
91,2022-03-31,8.0
91,2022-04-10,16.0
91,2022-04-17,8.0
91,2022-04-24,8.0
91,2022-04-30,24.0
92,2022-03-06,0.2
92,2022-03-13,0.2
92,2022-03-20,0.1
92,2022-03-27,0.3
92,2022-03-31,0.2
92,2022-04-10,0.4
92,2022-04-17,0.2
92,2022-04-24,0.2
92,2022-04-30,0.6
93,2022-01-02,5.5
93,2022-01-09,7.5
93,2022-01-16,3.5
93,2022-01-23,7.0
93,2022-01-30,4.5
93,2022-01-31,5.5
93,2022-02-06,8.0
93,2022-02-13,11.0
93,2022-02-20,8.5
93,2022-02-27,3.5
93,2022-02-28,11.0
93,2022-03-06,13.0
93,2022-03-13,12.0
93,2022-03-20,7.5
93,2022-03-27,9.5
93,2022-03-31,10.5
93,2022-04-03,20.0
93,2022-04-10,16.0
93,2022-04-17,15.0
93,2022-04-24,19.5
93,2022-04-30,14.0
93,2022-05-01,11.5
93,2022-05-08,16.0
93,2022-05-15,8.5
93,2022-05-22,16.0
93,2022-05-29,11.0
93,2022-05-31,10.0
93,2022-06-05,7.5
93,2022-06-12,8.0
93,2022-06-19,12.0
93,2022-06-26,12.0
93,2022-06-30,7.5
93,2022-07-03,9.5
93,2022-07-10,14.0
93,2022-07-17,10.5
93,2022-07-24,7.5
93,2022-07-31,11.5
93,2022-08-07,8.0
93,2022-08-14,11.5
93,2022-08-21,6.0
93,2022-08-28,11.0
93,2022-08-31,11.5
93,2022-09-04,12.0
93,2022-09-11,11.5
93,2022-09-18,9.5
93,2022-09-25,7.5
93,2022-09-30,6.0
93,2022-10-02,11.5
93,2022-10-09,9.5
93,2022-10-16,11.0
93,2022-10-23,8.5
93,2022-10-30,11.0
93,2022-10-31,13.0
93,2022-11-06,7.0
93,2022-11-13,8.5
93,2022-11-20,12.0
93,2022-11-27,14.0
93,2022-11-30,9.0
93,2022-12-04,16.5
93,2022-12-11,13.5
93,2022-12-18,13.5
93,2022-12-25,8.0
93,2022-12-31,12.5
95,2022-03-06,24.64
95,2022-03-13,14.520000000000001
95,2022-03-20,25.52
95,2022-03-27,25.08
95,2022-03-31,22.88
95,2022-04-03,59.84
95,2022-04-10,58.08
95,2022-04-17,61.16
95,2022-04-24,32.12
95,2022-04-30,53.68
96,2022-01-02,3.0
96,2022-01-09,3.1666666666666665
96,2022-01-16,3.1666666666666665
96,2022-01-23,5.5
96,2022-01-30,4.333333333333333
96,2022-01-31,2.8333333333333335
96,2022-02-06,5.833333333333333
96,2022-02-13,10.25
96,2022-02-20,6.5
96,2022-02-27,7.0
96,2022-02-28,3.625
96,2022-03-06,6.75
96,2022-03-13,6.75
96,2022-03-20,5.0
96,2022-03-27,5.5
96,2022-03-31,3.6666666666666665
96,2022-04-03,3.3333333333333335
96,2022-04-10,6.833333333333333
96,2022-04-17,9.75
96,2022-04-24,4.5
96,2022-04-30,5.25
96,2022-05-01,5.166666666666667
96,2022-05-08,4.833333333333333
96,2022-05-15,7.25
96,2022-05-22,4.75
96,2022-05-29,9.5
96,2022-05-31,6.166666666666667
96,2022-06-05,5.5
96,2022-06-12,6.0
96,2022-06-19,4.166666666666667
96,2022-06-26,4.25
96,2022-06-30,4.166666666666667
96,2022-07-03,4.5
96,2022-07-10,5.833333333333333
96,2022-07-17,4.833333333333333
96,2022-07-24,7.25
96,2022-07-31,4.333333333333333
96,2022-08-07,8.75
96,2022-08-14,7.75
96,2022-08-21,9.0
96,2022-08-28,7.0
96,2022-08-31,5.666666666666667
96,2022-09-04,4.875
96,2022-09-11,8.25
96,2022-09-18,10.5
96,2022-09-25,5.333333333333333
96,2022-09-30,6.5
96,2022-10-02,5.0
96,2022-10-09,3.5
96,2022-10-16,9.25
96,2022-10-23,7.0
96,2022-10-30,9.75
96,2022-10-31,4.666666666666667
96,2022-11-06,5.375
96,2022-11-13,7.5
96,2022-11-20,5.75
96,2022-11-27,5.75
96,2022-11-30,4.8125
96,2022-12-04,9.75
96,2022-12-11,12.5
96,2022-12-18,8.75
96,2022-12-25,8.25
96,2022-12-31,8.166666666666666
97,2022-12-04,1.0
97,2022-12-25,1.0
98,2022-01-31,1.0
98,2022-02-27,1.0
98,2022-03-06,1.0
98,2022-03-13,1.0
98,2022-03-27,1.0
98,2022-05-08,1.0
98,2022-10-02,1.0
98,2022-10-16,1.0
98,2022-10-30,1.0
98,2022-10-31,2.0
98,2022-11-13,1.0
99,2022-10-09,1.0
100,2022-09-30,1.0
101,2022-02-27,100.0
102,2022-07-31,0.25
